_timestamp,games_played,games_started,player_id,player_name,position,season_type,season_year,stat_ez_rec_tds,stat_forced_fumbles,stat_fumbles,stat_lost_fumbles,stat_opp_rec,stat_opp_rec_tds,stat_opp_rec_yards,stat_out_of_bounds,stat_own_rec,stat_own_rec_tds,stat_own_rec_yards,team_market,team_name
1554866202,3,3,41c44740-d0f6-44ab-8347-3b5d515e5ecf,Tom Brady,QB,PST,2001,0,0,1,0,0,0,0,0,1,0,0,New England,Patriots
1554866202,15,14,41c44740-d0f6-44ab-8347-3b5d515e5ecf,Tom Brady,QB,REG,2001,0,0,12,3,0,0,0,0,4,0,-18,New England,Patriots
1554866202,16,16,41c44740-d0f6-44ab-8347-3b5d515e5ecf,Tom Brady,QB,REG,2002,0,0,11,5,0,0,0,0,5,0,-32,New England,Patriots
1554866202,16,16,41c44740-d0f6-44ab-8347-3b5d515e5ecf,Tom Brady,QB,REG,2003,0,0,13,5,0,0,0,1,3,0,-5,New England,Patriots
1554866202,3,3,41c44740-d0f6-44ab-8347-3b5d515e5ecf,Tom Brady,QB,PST,2004,0,0,1,1,0,0,0,0,0,0,0,New England,Patriots
1554866202,16,16,41c44740-d0f6-44ab-8347-3b5d515e5ecf,Tom Brady,QB,REG,2004,0,0,7,5,0,0,0,0,1,0,-17,New England,Patriots
1554866202,2,2,41c44740-d0f6-44ab-8347-3b5d515e5ecf,Tom Brady,QB,PST,2005,0,0,2,0,0,0,0,0,2,0,0,New England,Patriots
1554866202,16,16,41c44740-d0f6-44ab-8347-3b5d515e5ecf,Tom Brady,QB,REG,2005,0,0,4,0,0,0,0,0,0,0,0,New England,Patriots
1554866202,3,3,41c44740-d0f6-44ab-8347-3b5d515e5ecf,Tom Brady,QB,PST,2006,0,0,2,0,0,0,0,0,0,0,0,New England,Patriots
1554866202,16,16,41c44740-d0f6-44ab-8347-3b5d515e5ecf,Tom Brady,QB,REG,2006,0,0,12,0,0,0,0,0,1,0,-2,New England,Patriots
1554866202,3,3,41c44740-d0f6-44ab-8347-3b5d515e5ecf,Tom Brady,QB,PST,2007,0,0,1,0,0,0,0,0,0,0,0,New England,Patriots
1554866202,16,16,41c44740-d0f6-44ab-8347-3b5d515e5ecf,Tom Brady,QB,REG,2007,0,0,6,0,0,0,0,0,1,0,0,New England,Patriots
1554866202,1,1,41c44740-d0f6-44ab-8347-3b5d515e5ecf,Tom Brady,QB,PST,2009,0,0,1,1,0,0,0,0,0,0,0,New England,Patriots
1554866202,16,16,41c44740-d0f6-44ab-8347-3b5d515e5ecf,Tom Brady,QB,REG,2009,0,0,4,2,0,0,0,0,0,0,0,New England,Patriots
1554866202,1,1,41c44740-d0f6-44ab-8347-3b5d515e5ecf,Tom Brady,QB,PST,2010,0,0,1,0,0,0,0,0,0,0,0,New England,Patriots
1554866202,16,16,41c44740-d0f6-44ab-8347-3b5d515e5ecf,Tom Brady,QB,REG,2010,0,0,3,1,0,0,0,0,1,0,-5,New England,Patriots
1554866202,16,16,41c44740-d0f6-44ab-8347-3b5d515e5ecf,Tom Brady,QB,REG,2011,0,0,6,2,0,0,0,1,3,0,-8,New England,Patriots
1554866202,16,16,41c44740-d0f6-44ab-8347-3b5d515e5ecf,Tom Brady,QB,REG,2012,0,0,2,0,0,0,0,0,1,0,-3,New England,Patriots
1554866202,2,2,41c44740-d0f6-44ab-8347-3b5d515e5ecf,Tom Brady,QB,PST,2013,0,0,1,0,0,0,0,0,0,0,0,New England,Patriots
1554866202,16,16,41c44740-d0f6-44ab-8347-3b5d515e5ecf,Tom Brady,QB,REG,2013,0,0,9,3,0,0,0,0,5,0,-10,New England,Patriots
1554866202,16,16,41c44740-d0f6-44ab-8347-3b5d515e5ecf,Tom Brady,QB,REG,2014,0,0,6,3,0,0,0,0,1,0,-4,New England,Patriots
1554866202,16,16,41c44740-d0f6-44ab-8347-3b5d515e5ecf,Tom Brady,QB,REG,2015,0,0,6,2,0,0,0,0,2,0,0,New England,Patriots
1554866202,12,12,41c44740-d0f6-44ab-8347-3b5d515e5ecf,Tom Brady,QB,REG,2016,0,0,5,0,0,0,0,0,4,0,-1,New England,Patriots
1554866202,3,3,41c44740-d0f6-44ab-8347-3b5d515e5ecf,Tom Brady,QB,PST,2017,0,0,1,1,0,0,0,0,0,0,0,New England,Patriots
1554866202,16,16,41c44740-d0f6-44ab-8347-3b5d515e5ecf,Tom Brady,QB,REG,2017,0,0,7,3,0,0,0,0,2,0,-24,New England,Patriots
1554866202,3,3,41c44740-d0f6-44ab-8347-3b5d515e5ecf,Tom Brady,QB,PST,2018,0,0,1,0,0,0,0,0,0,0,0,New England,Patriots
1554866202,16,16,41c44740-d0f6-44ab-8347-3b5d515e5ecf,Tom Brady,QB,REG,2018,0,0,4,2,0,0,0,0,0,0,0,New England,Patriots
1554866202,6,2,42de9d1d-0352-460b-9172-9452414fd7fd,Jimmy Garoppolo,QB,REG,2016,0,0,2,1,0,0,0,0,0,0,-2,New England,Patriots
1554866202,3,3,42de9d1d-0352-460b-9172-9452414fd7fd,Jimmy Garoppolo,QB,REG,2018,0,0,4,0,0,0,0,0,1,0,-3,San Francisco,49ers
1554866202,10,10,19d00799-4271-40ac-b5c4-4ea8b410a704,E.J. Manuel,QB,REG,2013,0,0,6,3,0,0,0,1,2,0,-5,Buffalo,Bills
1554866202,5,4,19d00799-4271-40ac-b5c4-4ea8b410a704,E.J. Manuel,QB,REG,2014,0,0,1,0,0,0,0,0,1,0,0,Buffalo,Bills
1554866202,7,2,19d00799-4271-40ac-b5c4-4ea8b410a704,E.J. Manuel,QB,REG,2015,0,0,2,1,0,0,0,0,0,0,0,Buffalo,Bills
1554866202,6,1,19d00799-4271-40ac-b5c4-4ea8b410a704,E.J. Manuel,QB,REG,2016,0,0,2,1,0,0,0,0,1,0,0,Buffalo,Bills
1554866202,16,16,5812204c-6dae-4450-8011-99e0f72864ac,Ryan Tannehill,QB,REG,2012,0,0,9,4,0,0,0,3,1,0,0,Miami,Dolphins
1554866202,16,16,5812204c-6dae-4450-8011-99e0f72864ac,Ryan Tannehill,QB,REG,2013,0,0,9,5,0,0,0,0,3,0,-7,Miami,Dolphins
1554866202,16,16,5812204c-6dae-4450-8011-99e0f72864ac,Ryan Tannehill,QB,REG,2014,0,0,9,2,0,0,0,1,4,0,-10,Miami,Dolphins
1554866202,16,16,5812204c-6dae-4450-8011-99e0f72864ac,Ryan Tannehill,QB,REG,2015,0,0,10,3,0,0,0,3,5,0,-15,Miami,Dolphins
1554866202,13,13,5812204c-6dae-4450-8011-99e0f72864ac,Ryan Tannehill,QB,REG,2016,0,0,9,3,0,0,0,2,3,0,-27,Miami,Dolphins
1554866202,11,11,5812204c-6dae-4450-8011-99e0f72864ac,Ryan Tannehill,QB,REG,2018,0,0,5,4,0,0,0,0,0,0,-14,Miami,Dolphins
1554866202,9,3,76d7615e-8eb5-4761-b6a6-1e895d01baf3,Matt Moore,QB,REG,2007,0,0,2,0,0,0,0,0,3,0,-4,Carolina,Panthers
1554866202,7,5,76d7615e-8eb5-4761-b6a6-1e895d01baf3,Matt Moore,QB,REG,2009,0,0,2,0,0,0,0,0,1,0,-2,Carolina,Panthers
1554866202,6,5,76d7615e-8eb5-4761-b6a6-1e895d01baf3,Matt Moore,QB,REG,2010,0,0,4,2,0,0,0,0,0,0,0,Carolina,Panthers
1554866202,13,12,76d7615e-8eb5-4761-b6a6-1e895d01baf3,Matt Moore,QB,REG,2011,0,0,14,6,0,0,0,1,3,0,-24,Miami,Dolphins
1554866202,1,0,76d7615e-8eb5-4761-b6a6-1e895d01baf3,Matt Moore,QB,REG,2013,0,0,1,0,0,0,0,0,1,0,0,Miami,Dolphins
1554866202,1,1,76d7615e-8eb5-4761-b6a6-1e895d01baf3,Matt Moore,QB,PST,2016,0,0,2,2,0,0,0,0,0,0,0,Miami,Dolphins
1554866202,4,3,76d7615e-8eb5-4761-b6a6-1e895d01baf3,Matt Moore,QB,REG,2016,0,0,1,0,0,0,0,0,1,0,0,Miami,Dolphins
1554866202,3,0,a6155092-1005-4b4c-8e37-21422ce93b42,Matt Simms,QB,REG,2013,0,0,1,1,0,0,0,0,0,0,-2,New York,Jets
1554866202,8,2,b797d6fa-1520-4b3d-a212-157afd4a3bd0,Michael Vick,QB,REG,2001,0,0,6,5,0,0,0,0,0,0,0,Atlanta,Falcons
1554866202,2,2,b797d6fa-1520-4b3d-a212-157afd4a3bd0,Michael Vick,QB,PST,2002,0,0,1,0,0,0,0,1,0,0,0,Atlanta,Falcons
1554866202,15,15,b797d6fa-1520-4b3d-a212-157afd4a3bd0,Michael Vick,QB,REG,2002,0,0,9,6,0,0,0,0,1,0,-3,Atlanta,Falcons
1554866202,5,4,b797d6fa-1520-4b3d-a212-157afd4a3bd0,Michael Vick,QB,REG,2003,0,0,4,1,0,0,0,0,1,0,0,Atlanta,Falcons
1554866202,2,2,b797d6fa-1520-4b3d-a212-157afd4a3bd0,Michael Vick,QB,PST,2004,0,0,2,1,0,0,0,0,0,0,0,Atlanta,Falcons
1554866202,15,15,b797d6fa-1520-4b3d-a212-157afd4a3bd0,Michael Vick,QB,REG,2004,0,0,16,7,0,0,0,1,4,0,-5,Atlanta,Falcons
1554866202,15,15,b797d6fa-1520-4b3d-a212-157afd4a3bd0,Michael Vick,QB,REG,2005,0,0,11,1,0,0,0,3,0,0,-6,Atlanta,Falcons
1554866202,16,16,b797d6fa-1520-4b3d-a212-157afd4a3bd0,Michael Vick,QB,REG,2006,0,0,9,0,1,0,4,1,2,0,-8,Atlanta,Falcons
1554866202,1,0,b797d6fa-1520-4b3d-a212-157afd4a3bd0,Michael Vick,QB,PST,2009,0,0,1,1,0,0,0,0,0,0,-2,Philadelphia,Eagles
1554866202,12,12,b797d6fa-1520-4b3d-a212-157afd4a3bd0,Michael Vick,QB,REG,2010,0,0,11,3,0,0,0,0,4,0,-4,Philadelphia,Eagles
1554866202,13,13,b797d6fa-1520-4b3d-a212-157afd4a3bd0,Michael Vick,QB,REG,2011,0,0,10,4,0,0,0,1,4,0,-2,Philadelphia,Eagles
1554866202,10,10,b797d6fa-1520-4b3d-a212-157afd4a3bd0,Michael Vick,QB,REG,2012,0,0,11,5,0,0,0,0,3,0,-25,Philadelphia,Eagles
1554866202,7,6,b797d6fa-1520-4b3d-a212-157afd4a3bd0,Michael Vick,QB,REG,2013,0,0,4,2,0,0,0,1,2,0,0,Philadelphia,Eagles
1554866202,10,3,b797d6fa-1520-4b3d-a212-157afd4a3bd0,Michael Vick,QB,REG,2014,0,0,5,2,0,0,0,0,2,0,-5,New York,Jets
1554866202,5,3,b797d6fa-1520-4b3d-a212-157afd4a3bd0,Michael Vick,QB,REG,2015,0,0,2,0,0,0,0,0,1,0,0,Pittsburgh,Steelers
1554866202,16,16,cfc93f5e-105e-4a5e-88d3-f4279893cfa8,Geno Smith,QB,REG,2013,0,0,8,4,0,0,0,0,3,0,-2,New York,Jets
1554866202,14,13,cfc93f5e-105e-4a5e-88d3-f4279893cfa8,Geno Smith,QB,REG,2014,0,1,8,3,0,0,0,0,5,0,-21,New York,Jets
1554866202,2,1,cfc93f5e-105e-4a5e-88d3-f4279893cfa8,Geno Smith,QB,REG,2016,0,0,1,0,0,0,0,0,0,0,0,New York,Jets
1554866202,2,1,cfc93f5e-105e-4a5e-88d3-f4279893cfa8,Geno Smith,QB,REG,2017,0,0,2,2,0,0,0,0,0,0,0,New York,Giants
1554866202,5,0,cfc93f5e-105e-4a5e-88d3-f4279893cfa8,Geno Smith,QB,REG,2018,0,0,1,1,0,0,0,0,0,0,0,Los Angeles,Chargers
1554866202,13,11,12815867-476b-4c85-a2eb-6a6a54cf563e,Bruce Gradkowski,QB,REG,2006,0,0,11,0,0,0,0,1,3,0,-2,Tampa Bay,Buccaneers
1554866202,7,4,12815867-476b-4c85-a2eb-6a6a54cf563e,Bruce Gradkowski,QB,REG,2009,0,0,5,3,0,0,0,0,2,0,-7,Oakland,Raiders
1554866202,6,4,12815867-476b-4c85-a2eb-6a6a54cf563e,Bruce Gradkowski,QB,REG,2010,0,0,3,1,0,0,0,1,1,0,0,Oakland,Raiders
1554866202,2,0,12815867-476b-4c85-a2eb-6a6a54cf563e,Bruce Gradkowski,QB,REG,2012,0,0,1,0,0,0,0,0,2,0,-5,Cincinnati,Bengals
1554866202,7,2,d4dd3d0b-5023-415d-ad15-94f294c561b1,Landry Jones,QB,REG,2015,0,0,1,1,0,0,0,0,0,0,0,Pittsburgh,Steelers
1554866202,8,2,d4dd3d0b-5023-415d-ad15-94f294c561b1,Landry Jones,QB,REG,2016,0,0,0,0,1,0,0,0,1,0,0,Pittsburgh,Steelers
1554866202,3,1,d4dd3d0b-5023-415d-ad15-94f294c561b1,Landry Jones,QB,REG,2017,0,0,1,1,0,0,0,0,3,0,0,Pittsburgh,Steelers
1554866202,2,2,ea357add-1a41-4a8b-8f34-bbfade7f4d98,Ben Roethlisberger,QB,PST,2004,0,0,1,0,0,0,0,1,0,0,0,Pittsburgh,Steelers
1554866202,14,13,ea357add-1a41-4a8b-8f34-bbfade7f4d98,Ben Roethlisberger,QB,REG,2004,0,0,2,2,0,0,0,0,0,0,-6,Pittsburgh,Steelers
1554866202,13,12,ea357add-1a41-4a8b-8f34-bbfade7f4d98,Ben Roethlisberger,QB,REG,2005,0,0,2,0,0,0,0,0,1,0,-1,Pittsburgh,Steelers
1554866202,15,15,ea357add-1a41-4a8b-8f34-bbfade7f4d98,Ben Roethlisberger,QB,REG,2006,0,0,5,0,0,0,0,0,0,0,-1,Pittsburgh,Steelers
1554866202,1,1,ea357add-1a41-4a8b-8f34-bbfade7f4d98,Ben Roethlisberger,QB,PST,2007,0,0,1,0,0,0,0,0,0,0,0,Pittsburgh,Steelers
1554866202,15,15,ea357add-1a41-4a8b-8f34-bbfade7f4d98,Ben Roethlisberger,QB,REG,2007,0,0,9,0,0,0,0,0,4,0,-16,Pittsburgh,Steelers
1554866202,16,16,ea357add-1a41-4a8b-8f34-bbfade7f4d98,Ben Roethlisberger,QB,REG,2008,0,0,14,0,0,0,0,0,3,0,-5,Pittsburgh,Steelers
1554866202,15,15,ea357add-1a41-4a8b-8f34-bbfade7f4d98,Ben Roethlisberger,QB,REG,2009,0,0,7,3,0,0,0,1,2,0,-6,Pittsburgh,Steelers
1554866202,3,3,ea357add-1a41-4a8b-8f34-bbfade7f4d98,Ben Roethlisberger,QB,PST,2010,0,0,3,1,0,0,0,0,2,0,-2,Pittsburgh,Steelers
1554866202,12,12,ea357add-1a41-4a8b-8f34-bbfade7f4d98,Ben Roethlisberger,QB,REG,2010,0,0,7,3,0,0,0,0,1,0,-12,Pittsburgh,Steelers
1554866202,1,1,ea357add-1a41-4a8b-8f34-bbfade7f4d98,Ben Roethlisberger,QB,PST,2011,0,0,1,0,0,0,0,0,1,0,0,Pittsburgh,Steelers
1554866202,15,15,ea357add-1a41-4a8b-8f34-bbfade7f4d98,Ben Roethlisberger,QB,REG,2011,0,0,8,5,0,0,0,0,2,0,-10,Pittsburgh,Steelers
1554866202,13,13,ea357add-1a41-4a8b-8f34-bbfade7f4d98,Ben Roethlisberger,QB,REG,2012,0,0,6,3,0,0,0,0,3,0,-8,Pittsburgh,Steelers
1554866202,16,16,ea357add-1a41-4a8b-8f34-bbfade7f4d98,Ben Roethlisberger,QB,REG,2013,0,0,9,6,0,0,0,0,3,0,0,Pittsburgh,Steelers
1554866202,16,16,ea357add-1a41-4a8b-8f34-bbfade7f4d98,Ben Roethlisberger,QB,REG,2014,0,0,9,5,0,0,0,0,2,0,-41,Pittsburgh,Steelers
1554866202,12,11,ea357add-1a41-4a8b-8f34-bbfade7f4d98,Ben Roethlisberger,QB,REG,2015,0,0,2,0,0,0,0,0,1,0,0,Pittsburgh,Steelers
1554866202,14,14,ea357add-1a41-4a8b-8f34-bbfade7f4d98,Ben Roethlisberger,QB,REG,2016,0,0,8,2,0,0,0,0,4,0,-1,Pittsburgh,Steelers
1554866202,1,1,ea357add-1a41-4a8b-8f34-bbfade7f4d98,Ben Roethlisberger,QB,PST,2017,0,0,1,1,0,0,0,0,0,0,0,Pittsburgh,Steelers
1554866202,15,15,ea357add-1a41-4a8b-8f34-bbfade7f4d98,Ben Roethlisberger,QB,REG,2017,0,0,3,1,0,0,0,0,2,0,-10,Pittsburgh,Steelers
1554866202,16,16,ea357add-1a41-4a8b-8f34-bbfade7f4d98,Ben Roethlisberger,QB,REG,2018,0,0,7,2,0,0,0,0,4,0,0,Pittsburgh,Steelers
1554866202,1,1,d2a0e5af-3850-4f16-8e40-a0b1d15c2ce1,Andy Dalton,QB,PST,2011,0,0,1,0,0,0,0,0,0,0,0,Cincinnati,Bengals
1554866202,16,16,d2a0e5af-3850-4f16-8e40-a0b1d15c2ce1,Andy Dalton,QB,REG,2011,0,0,4,2,0,0,0,0,0,0,0,Cincinnati,Bengals
1554866202,16,16,d2a0e5af-3850-4f16-8e40-a0b1d15c2ce1,Andy Dalton,QB,REG,2012,0,0,4,4,0,0,0,0,0,0,0,Cincinnati,Bengals
1554866202,1,1,d2a0e5af-3850-4f16-8e40-a0b1d15c2ce1,Andy Dalton,QB,PST,2013,0,0,2,1,0,0,0,0,1,0,0,Cincinnati,Bengals
1554866202,16,16,d2a0e5af-3850-4f16-8e40-a0b1d15c2ce1,Andy Dalton,QB,REG,2013,0,0,4,3,0,0,0,0,0,0,-14,Cincinnati,Bengals
1554866202,1,1,d2a0e5af-3850-4f16-8e40-a0b1d15c2ce1,Andy Dalton,QB,PST,2014,0,0,1,1,0,0,0,0,0,0,0,Cincinnati,Bengals
1554866202,16,16,d2a0e5af-3850-4f16-8e40-a0b1d15c2ce1,Andy Dalton,QB,REG,2014,0,0,3,2,0,0,0,0,1,0,-5,Cincinnati,Bengals
1554866202,13,13,d2a0e5af-3850-4f16-8e40-a0b1d15c2ce1,Andy Dalton,QB,REG,2015,0,0,5,2,0,0,0,0,3,0,-34,Cincinnati,Bengals
1554866202,16,16,d2a0e5af-3850-4f16-8e40-a0b1d15c2ce1,Andy Dalton,QB,REG,2016,0,0,9,3,0,0,0,1,2,0,-17,Cincinnati,Bengals
1554866202,16,16,d2a0e5af-3850-4f16-8e40-a0b1d15c2ce1,Andy Dalton,QB,REG,2017,0,0,4,4,0,0,0,0,1,0,-4,Cincinnati,Bengals
1554866202,11,11,d2a0e5af-3850-4f16-8e40-a0b1d15c2ce1,Andy Dalton,QB,REG,2018,0,0,1,0,0,0,0,0,1,0,0,Cincinnati,Bengals
1554866202,1,1,d4b30988-e8c5-4689-8037-f79a0d3c2774,AJ McCarron,QB,PST,2015,0,0,3,1,0,0,0,0,1,0,-1,Cincinnati,Bengals
1554866202,7,3,d4b30988-e8c5-4689-8037-f79a0d3c2774,AJ McCarron,QB,REG,2015,0,0,1,1,0,0,0,0,0,0,-10,Cincinnati,Bengals
1554866202,2,0,d4b30988-e8c5-4689-8037-f79a0d3c2774,AJ McCarron,QB,REG,2018,0,0,1,0,0,0,0,0,1,0,0,Oakland,Raiders
1554866202,16,16,64797df2-efd3-4b27-86ee-1d48f7edb09f,Joe Flacco,QB,REG,2008,0,0,11,0,0,0,0,1,3,0,-18,Baltimore,Ravens
1554866202,16,16,64797df2-efd3-4b27-86ee-1d48f7edb09f,Joe Flacco,QB,REG,2009,0,0,8,2,0,0,0,0,3,0,0,Baltimore,Ravens
1554866202,2,2,64797df2-efd3-4b27-86ee-1d48f7edb09f,Joe Flacco,QB,PST,2010,0,0,3,2,0,0,0,0,1,0,0,Baltimore,Ravens
1554866202,16,16,64797df2-efd3-4b27-86ee-1d48f7edb09f,Joe Flacco,QB,REG,2010,0,0,9,4,0,0,0,1,1,0,-8,Baltimore,Ravens
1554866202,2,2,64797df2-efd3-4b27-86ee-1d48f7edb09f,Joe Flacco,QB,PST,2011,0,0,1,0,0,0,0,0,0,0,0,Baltimore,Ravens
1554866202,16,16,64797df2-efd3-4b27-86ee-1d48f7edb09f,Joe Flacco,QB,REG,2011,0,0,11,6,0,0,0,0,4,0,-7,Baltimore,Ravens
1554866202,4,4,64797df2-efd3-4b27-86ee-1d48f7edb09f,Joe Flacco,QB,PST,2012,0,0,1,1,0,0,0,0,0,0,0,Baltimore,Ravens
1554866202,16,16,64797df2-efd3-4b27-86ee-1d48f7edb09f,Joe Flacco,QB,REG,2012,0,0,9,4,0,0,0,0,1,0,-10,Baltimore,Ravens
1554866202,16,16,64797df2-efd3-4b27-86ee-1d48f7edb09f,Joe Flacco,QB,REG,2013,0,0,8,2,0,0,0,0,2,0,0,Baltimore,Ravens
1554866202,2,2,64797df2-efd3-4b27-86ee-1d48f7edb09f,Joe Flacco,QB,PST,2014,0,0,1,0,0,0,0,0,0,0,0,Baltimore,Ravens
1554866202,16,16,64797df2-efd3-4b27-86ee-1d48f7edb09f,Joe Flacco,QB,REG,2014,0,0,5,0,0,0,0,1,3,0,-5,Baltimore,Ravens
1554866202,10,10,64797df2-efd3-4b27-86ee-1d48f7edb09f,Joe Flacco,QB,REG,2015,0,0,5,2,0,0,0,0,3,0,-22,Baltimore,Ravens
1554866202,16,16,64797df2-efd3-4b27-86ee-1d48f7edb09f,Joe Flacco,QB,REG,2016,0,0,5,3,0,0,0,0,1,0,-2,Baltimore,Ravens
1554866202,16,16,64797df2-efd3-4b27-86ee-1d48f7edb09f,Joe Flacco,QB,REG,2017,0,0,6,0,0,0,0,1,4,0,-3,Baltimore,Ravens
1554866202,9,9,64797df2-efd3-4b27-86ee-1d48f7edb09f,Joe Flacco,QB,REG,2018,0,0,3,1,0,0,0,0,1,0,-6,Baltimore,Ravens
1554866202,14,14,7f3ef024-eb34-46af-8b9e-544cdf09378f,Tyrod Taylor,QB,REG,2015,0,0,9,1,0,0,0,1,3,0,0,Buffalo,Bills
1554866202,15,15,7f3ef024-eb34-46af-8b9e-544cdf09378f,Tyrod Taylor,QB,REG,2016,0,0,4,2,0,0,0,1,3,0,-6,Buffalo,Bills
1554866202,15,14,7f3ef024-eb34-46af-8b9e-544cdf09378f,Tyrod Taylor,QB,REG,2017,0,0,4,2,0,0,0,0,0,0,-7,Buffalo,Bills
1554866202,4,3,7f3ef024-eb34-46af-8b9e-544cdf09378f,Tyrod Taylor,QB,REG,2018,0,0,3,0,0,0,0,1,1,0,0,Cleveland,Browns
1554866202,1,1,6d382acb-98ce-42a8-94e4-656ee5702982,Connor Shaw,QB,REG,2014,0,0,1,1,0,0,0,0,0,0,-2,Cleveland,Browns
1554866202,5,2,7ebbfdef-1185-4896-a323-e6d5669a8345,Johnny Manziel,QB,REG,2014,0,0,1,0,0,0,0,0,1,0,0,Cleveland,Browns
1554866202,9,6,7ebbfdef-1185-4896-a323-e6d5669a8345,Johnny Manziel,QB,REG,2015,0,0,6,3,0,0,0,0,0,0,0,Cleveland,Browns
1554866202,2,1,af4ba620-2f00-4b00-9111-7897f2b1cde8,Brian Hoyer,QB,REG,2012,0,0,1,0,0,0,0,0,1,0,0,Arizona,Cardinals
1554866202,14,13,af4ba620-2f00-4b00-9111-7897f2b1cde8,Brian Hoyer,QB,REG,2014,0,0,4,1,0,0,0,0,2,0,-10,Cleveland,Browns
1554866202,1,1,af4ba620-2f00-4b00-9111-7897f2b1cde8,Brian Hoyer,QB,PST,2015,0,0,2,1,0,0,0,0,1,0,0,Houston,Texans
1554866202,11,9,af4ba620-2f00-4b00-9111-7897f2b1cde8,Brian Hoyer,QB,REG,2015,0,0,6,2,0,0,0,0,1,0,0,Houston,Texans
1554866202,6,5,af4ba620-2f00-4b00-9111-7897f2b1cde8,Brian Hoyer,QB,REG,2016,0,0,3,1,0,0,0,0,2,0,-5,Chicago,Bears
1554866202,6,6,af4ba620-2f00-4b00-9111-7897f2b1cde8,Brian Hoyer,QB,REG,2017,0,0,3,1,0,0,0,0,1,0,-9,San Francisco,49ers
1554866202,13,12,7d8eba61-208d-4d91-86cd-704ad05cb7f4,Matt Hasselbeck,QB,REG,2001,0,0,6,2,0,0,0,0,0,0,-16,Seattle,Seahawks
1554866202,16,10,7d8eba61-208d-4d91-86cd-704ad05cb7f4,Matt Hasselbeck,QB,REG,2002,0,0,5,4,0,0,0,0,1,0,0,Seattle,Seahawks
1554866202,1,1,7d8eba61-208d-4d91-86cd-704ad05cb7f4,Matt Hasselbeck,QB,PST,2003,0,0,1,0,0,0,0,0,0,0,0,Seattle,Seahawks
1554866202,16,16,7d8eba61-208d-4d91-86cd-704ad05cb7f4,Matt Hasselbeck,QB,REG,2003,0,0,4,1,0,0,0,0,0,0,-7,Seattle,Seahawks
1554866202,14,14,7d8eba61-208d-4d91-86cd-704ad05cb7f4,Matt Hasselbeck,QB,REG,2004,0,0,5,1,0,0,0,0,2,0,-8,Seattle,Seahawks
1554866202,16,16,7d8eba61-208d-4d91-86cd-704ad05cb7f4,Matt Hasselbeck,QB,REG,2005,0,0,4,0,0,0,0,0,0,0,0,Seattle,Seahawks
1554866202,12,12,7d8eba61-208d-4d91-86cd-704ad05cb7f4,Matt Hasselbeck,QB,REG,2006,0,0,3,0,0,0,0,0,2,0,-3,Seattle,Seahawks
1554866202,2,2,7d8eba61-208d-4d91-86cd-704ad05cb7f4,Matt Hasselbeck,QB,PST,2007,0,0,2,0,0,0,0,0,1,0,0,Seattle,Seahawks
1554866202,16,16,7d8eba61-208d-4d91-86cd-704ad05cb7f4,Matt Hasselbeck,QB,REG,2007,0,0,9,1,0,0,0,0,3,0,-8,Seattle,Seahawks
1554866202,7,7,7d8eba61-208d-4d91-86cd-704ad05cb7f4,Matt Hasselbeck,QB,REG,2008,0,0,1,0,0,0,0,0,0,0,0,Seattle,Seahawks
1554866202,14,14,7d8eba61-208d-4d91-86cd-704ad05cb7f4,Matt Hasselbeck,QB,REG,2009,0,0,11,3,0,0,0,0,5,0,-17,Seattle,Seahawks
1554866202,2,2,7d8eba61-208d-4d91-86cd-704ad05cb7f4,Matt Hasselbeck,QB,PST,2010,0,0,1,0,0,0,0,0,0,0,-2,Seattle,Seahawks
1554866202,14,14,7d8eba61-208d-4d91-86cd-704ad05cb7f4,Matt Hasselbeck,QB,REG,2010,0,0,7,5,0,0,0,0,1,0,0,Seattle,Seahawks
1554866202,16,16,7d8eba61-208d-4d91-86cd-704ad05cb7f4,Matt Hasselbeck,QB,REG,2011,0,0,4,1,0,0,0,0,1,0,0,Tennessee,Titans
1554866202,8,5,7d8eba61-208d-4d91-86cd-704ad05cb7f4,Matt Hasselbeck,QB,REG,2012,0,0,3,1,0,0,0,0,2,0,-4,Tennessee,Titans
1554866202,4,0,7d8eba61-208d-4d91-86cd-704ad05cb7f4,Matt Hasselbeck,QB,REG,2014,0,0,1,1,0,0,0,0,0,0,0,Indianapolis,Colts
1554866202,8,8,7d8eba61-208d-4d91-86cd-704ad05cb7f4,Matt Hasselbeck,QB,REG,2015,0,0,3,2,0,0,0,0,0,0,0,Indianapolis,Colts
1554866202,1,1,e3181493-6a2a-4e95-aa6f-3fc1ddeb7512,Andrew Luck,QB,PST,2012,0,0,1,1,0,0,0,0,0,0,0,Indianapolis,Colts
1554866202,16,16,e3181493-6a2a-4e95-aa6f-3fc1ddeb7512,Andrew Luck,QB,REG,2012,0,0,10,5,0,0,0,1,2,0,-3,Indianapolis,Colts
1554866202,2,2,e3181493-6a2a-4e95-aa6f-3fc1ddeb7512,Andrew Luck,QB,PST,2013,0,0,0,0,0,0,0,0,1,1,2,Indianapolis,Colts
1554866202,16,16,e3181493-6a2a-4e95-aa6f-3fc1ddeb7512,Andrew Luck,QB,REG,2013,0,0,6,2,0,0,0,1,1,0,0,Indianapolis,Colts
1554866202,16,16,e3181493-6a2a-4e95-aa6f-3fc1ddeb7512,Andrew Luck,QB,REG,2014,0,0,13,6,0,0,0,0,4,0,-30,Indianapolis,Colts
1554866202,7,7,e3181493-6a2a-4e95-aa6f-3fc1ddeb7512,Andrew Luck,QB,REG,2015,0,0,3,1,0,0,0,0,2,0,0,Indianapolis,Colts
1554866202,15,15,e3181493-6a2a-4e95-aa6f-3fc1ddeb7512,Andrew Luck,QB,REG,2016,0,0,6,5,0,0,0,0,3,0,-11,Indianapolis,Colts
1554866202,2,2,e3181493-6a2a-4e95-aa6f-3fc1ddeb7512,Andrew Luck,QB,PST,2018,0,0,1,1,0,0,0,0,0,0,0,Indianapolis,Colts
1554866202,16,16,e3181493-6a2a-4e95-aa6f-3fc1ddeb7512,Andrew Luck,QB,REG,2018,0,0,6,1,0,0,0,1,3,0,-13,Indianapolis,Colts
1554866202,4,3,0742d2ea-1cf2-49a6-a150-77ba6e034d8c,Ryan Fitzpatrick,QB,REG,2005,0,0,3,0,0,0,0,1,1,0,-3,St. Louis,Rams
1554866202,13,12,0742d2ea-1cf2-49a6-a150-77ba6e034d8c,Ryan Fitzpatrick,QB,REG,2008,0,0,11,0,0,0,0,0,8,0,-12,Cincinnati,Bengals
1554866202,10,8,0742d2ea-1cf2-49a6-a150-77ba6e034d8c,Ryan Fitzpatrick,QB,REG,2009,0,0,3,2,0,0,0,0,0,0,-1,Buffalo,Bills
1554866202,13,13,0742d2ea-1cf2-49a6-a150-77ba6e034d8c,Ryan Fitzpatrick,QB,REG,2010,0,0,8,5,0,0,0,0,3,0,0,Buffalo,Bills
1554866202,16,16,0742d2ea-1cf2-49a6-a150-77ba6e034d8c,Ryan Fitzpatrick,QB,REG,2011,0,0,7,2,0,0,0,0,4,0,0,Buffalo,Bills
1554866202,16,16,0742d2ea-1cf2-49a6-a150-77ba6e034d8c,Ryan Fitzpatrick,QB,REG,2012,0,0,8,6,0,0,0,0,2,0,0,Buffalo,Bills
1554866202,11,9,0742d2ea-1cf2-49a6-a150-77ba6e034d8c,Ryan Fitzpatrick,QB,REG,2013,0,0,9,2,0,0,0,1,4,0,-3,Tennessee,Titans
1554866202,12,12,0742d2ea-1cf2-49a6-a150-77ba6e034d8c,Ryan Fitzpatrick,QB,REG,2014,0,0,5,1,0,0,0,0,4,0,-7,Houston,Texans
1554866202,16,16,0742d2ea-1cf2-49a6-a150-77ba6e034d8c,Ryan Fitzpatrick,QB,REG,2015,0,0,5,2,0,0,0,0,2,0,-32,New York,Jets
1554866202,14,11,0742d2ea-1cf2-49a6-a150-77ba6e034d8c,Ryan Fitzpatrick,QB,REG,2016,0,0,9,1,0,0,0,0,4,0,-6,New York,Jets
1554866202,8,7,0742d2ea-1cf2-49a6-a150-77ba6e034d8c,Ryan Fitzpatrick,QB,REG,2018,0,0,4,1,0,0,0,0,2,0,0,Tampa Bay,Buccaneers
1554866202,8,8,1b3d350a-478b-4542-a430-d12cc96adc22,Case Keenum,QB,REG,2013,0,0,6,2,0,0,0,0,0,0,0,Houston,Texans
1554866202,2,2,1b3d350a-478b-4542-a430-d12cc96adc22,Case Keenum,QB,REG,2014,0,0,1,1,0,0,0,0,0,0,0,Houston,Texans
1554866202,6,5,1b3d350a-478b-4542-a430-d12cc96adc22,Case Keenum,QB,REG,2015,0,0,3,2,0,0,0,1,0,0,-12,St. Louis,Rams
1554866202,10,9,1b3d350a-478b-4542-a430-d12cc96adc22,Case Keenum,QB,REG,2016,0,0,5,1,0,0,0,0,3,0,0,Los Angeles,Rams
1554866202,2,2,1b3d350a-478b-4542-a430-d12cc96adc22,Case Keenum,QB,PST,2017,0,0,1,1,0,0,0,0,0,0,0,Minnesota,Vikings
1554866202,15,14,1b3d350a-478b-4542-a430-d12cc96adc22,Case Keenum,QB,REG,2017,0,1,1,1,0,0,0,0,0,0,0,Minnesota,Vikings
1554866202,16,16,1b3d350a-478b-4542-a430-d12cc96adc22,Case Keenum,QB,REG,2018,0,0,11,2,0,0,0,0,5,0,-13,Denver,Broncos
1554866202,2,0,ba2e7ff8-ed39-4fd1-85e3-d263a946a212,Tom Savage,QB,REG,2014,0,0,2,1,0,0,0,0,1,0,-8,Houston,Texans
1554866202,3,2,ba2e7ff8-ed39-4fd1-85e3-d263a946a212,Tom Savage,QB,REG,2016,0,0,1,1,0,0,0,0,0,0,0,Houston,Texans
1554866202,8,7,ba2e7ff8-ed39-4fd1-85e3-d263a946a212,Tom Savage,QB,REG,2017,0,0,8,7,0,0,0,0,0,0,0,Houston,Texans
1554866202,6,5,bd1016ca-9683-4f4a-afdc-d07a3e03f057,Thaddeus Lewis,QB,REG,2013,0,0,7,3,0,0,0,1,1,0,-5,Buffalo,Bills
1554866202,2,0,f82d4ebb-cda9-4b79-ade0-9ef468d2c101,Ryan Mallett,QB,REG,2017,0,0,1,0,0,0,0,0,0,0,0,Baltimore,Ravens
1554866202,14,13,6723249c-5fb5-4b0a-9373-cb59cdc99ec8,Blake Bortles,QB,REG,2014,0,0,7,1,0,0,0,0,3,0,-6,Jacksonville,Jaguars
1554866202,16,16,6723249c-5fb5-4b0a-9373-cb59cdc99ec8,Blake Bortles,QB,REG,2015,0,0,14,5,0,0,0,0,5,0,-30,Jacksonville,Jaguars
1554866202,16,16,6723249c-5fb5-4b0a-9373-cb59cdc99ec8,Blake Bortles,QB,REG,2016,0,0,8,6,0,0,0,0,0,0,-9,Jacksonville,Jaguars
1554866202,3,3,6723249c-5fb5-4b0a-9373-cb59cdc99ec8,Blake Bortles,QB,PST,2017,0,0,4,0,0,0,0,0,2,0,-2,Jacksonville,Jaguars
1554866202,16,16,6723249c-5fb5-4b0a-9373-cb59cdc99ec8,Blake Bortles,QB,REG,2017,0,0,9,3,0,0,0,0,3,0,-6,Jacksonville,Jaguars
1554866202,13,12,6723249c-5fb5-4b0a-9373-cb59cdc99ec8,Blake Bortles,QB,REG,2018,0,0,8,4,0,0,0,0,2,0,-2,Jacksonville,Jaguars
1554866202,14,13,f55053e4-4bfd-495d-981a-d62e3662f01b,Chad Henne,QB,REG,2009,0,0,4,0,0,0,0,0,2,0,-6,Miami,Dolphins
1554866202,15,14,f55053e4-4bfd-495d-981a-d62e3662f01b,Chad Henne,QB,REG,2010,0,0,5,2,0,0,0,0,3,0,-22,Miami,Dolphins
1554866202,4,4,f55053e4-4bfd-495d-981a-d62e3662f01b,Chad Henne,QB,REG,2011,0,0,1,0,0,0,0,0,0,0,-4,Miami,Dolphins
1554866202,10,6,f55053e4-4bfd-495d-981a-d62e3662f01b,Chad Henne,QB,REG,2012,0,0,4,2,0,0,0,0,2,0,-2,Jacksonville,Jaguars
1554866202,15,13,f55053e4-4bfd-495d-981a-d62e3662f01b,Chad Henne,QB,REG,2013,0,0,2,0,0,0,0,0,2,0,-1,Jacksonville,Jaguars
1554866202,3,3,f55053e4-4bfd-495d-981a-d62e3662f01b,Chad Henne,QB,REG,2014,0,0,1,1,0,0,0,0,0,0,0,Jacksonville,Jaguars
1554866202,6,2,34cc7f47-9f14-4661-b9af-c9d3b2fc873a,Charlie Whitehurst,QB,REG,2010,0,0,2,0,0,0,0,0,2,0,-16,Seattle,Seahawks
1554866202,3,2,34cc7f47-9f14-4661-b9af-c9d3b2fc873a,Charlie Whitehurst,QB,REG,2011,0,0,2,1,0,0,0,0,1,0,0,Seattle,Seahawks
1554866202,7,5,34cc7f47-9f14-4661-b9af-c9d3b2fc873a,Charlie Whitehurst,QB,REG,2014,0,0,3,0,0,0,0,0,2,0,0,Tennessee,Titans
1554866202,7,6,7e655b10-5853-479c-a6de-927c4323d186,Zach Mettenberger,QB,REG,2014,0,0,4,2,0,0,0,0,0,0,0,Tennessee,Titans
1554866202,7,4,7e655b10-5853-479c-a6de-927c4323d186,Zach Mettenberger,QB,REG,2015,0,0,4,2,0,0,0,0,1,0,-6,Tennessee,Titans
1554866202,11,11,7f6ec436-5fcf-4326-9327-fb2de6687ebd,Jake Locker,QB,REG,2012,0,0,4,4,0,0,0,0,0,0,-2,Tennessee,Titans
1554866202,7,7,7f6ec436-5fcf-4326-9327-fb2de6687ebd,Jake Locker,QB,REG,2013,0,0,3,1,0,0,0,0,1,0,-13,Tennessee,Titans
1554866202,7,5,7f6ec436-5fcf-4326-9327-fb2de6687ebd,Jake Locker,QB,REG,2014,0,0,3,1,0,0,0,0,2,0,-2,Tennessee,Titans
1554866202,8,7,0847010c-9a77-4f0b-9d63-c8b4b224d263,Brock Osweiler,QB,REG,2015,0,0,4,1,0,0,0,0,2,0,-3,Denver,Broncos
1554866202,2,2,0847010c-9a77-4f0b-9d63-c8b4b224d263,Brock Osweiler,QB,PST,2016,0,0,1,0,0,0,0,0,1,0,-2,Houston,Texans
1554866202,15,14,0847010c-9a77-4f0b-9d63-c8b4b224d263,Brock Osweiler,QB,REG,2016,0,0,5,1,0,0,0,0,2,0,-5,Houston,Texans
1554866202,6,4,0847010c-9a77-4f0b-9d63-c8b4b224d263,Brock Osweiler,QB,REG,2017,0,0,2,1,0,0,0,0,0,0,0,Denver,Broncos
1554866202,7,5,0847010c-9a77-4f0b-9d63-c8b4b224d263,Brock Osweiler,QB,REG,2018,0,0,1,1,0,0,0,0,0,0,-16,Miami,Dolphins
1554866202,16,12,aae6d92e-5f28-43ee-b0dc-522e80e99f76,Peyton Manning,QB,REG,2000,0,0,5,2,0,0,0,0,1,0,-3,Indianapolis,Colts
1554866202,16,16,aae6d92e-5f28-43ee-b0dc-522e80e99f76,Peyton Manning,QB,REG,2001,0,0,7,3,1,0,0,0,2,0,-2,Indianapolis,Colts
1554866202,16,16,aae6d92e-5f28-43ee-b0dc-522e80e99f76,Peyton Manning,QB,REG,2002,0,0,6,2,0,0,0,1,2,0,-1,Indianapolis,Colts
1554866202,3,3,aae6d92e-5f28-43ee-b0dc-522e80e99f76,Peyton Manning,QB,PST,2003,0,0,1,0,0,0,0,0,1,0,-2,Indianapolis,Colts
1554866202,16,16,aae6d92e-5f28-43ee-b0dc-522e80e99f76,Peyton Manning,QB,REG,2003,0,0,6,1,0,0,0,1,4,0,-9,Indianapolis,Colts
1554866202,2,2,aae6d92e-5f28-43ee-b0dc-522e80e99f76,Peyton Manning,QB,PST,2004,0,0,1,0,0,0,0,0,0,0,0,Indianapolis,Colts
1554866202,16,16,aae6d92e-5f28-43ee-b0dc-522e80e99f76,Peyton Manning,QB,REG,2004,0,0,5,1,0,0,0,0,3,0,-3,Indianapolis,Colts
1554866202,16,16,aae6d92e-5f28-43ee-b0dc-522e80e99f76,Peyton Manning,QB,REG,2005,0,0,5,0,0,0,0,1,0,0,-1,Indianapolis,Colts
1554866202,4,4,aae6d92e-5f28-43ee-b0dc-522e80e99f76,Peyton Manning,QB,PST,2006,0,0,1,0,0,0,0,0,0,0,-7,Indianapolis,Colts
1554866202,16,16,aae6d92e-5f28-43ee-b0dc-522e80e99f76,Peyton Manning,QB,REG,2006,0,0,2,0,0,0,0,0,0,0,0,Indianapolis,Colts
1554866202,16,16,aae6d92e-5f28-43ee-b0dc-522e80e99f76,Peyton Manning,QB,REG,2007,0,0,6,0,0,0,0,0,3,0,0,Indianapolis,Colts
1554866202,16,16,aae6d92e-5f28-43ee-b0dc-522e80e99f76,Peyton Manning,QB,REG,2008,0,0,1,0,0,0,0,0,0,0,0,Indianapolis,Colts
1554866202,16,16,aae6d92e-5f28-43ee-b0dc-522e80e99f76,Peyton Manning,QB,REG,2009,0,0,2,0,0,0,0,0,0,0,-4,Indianapolis,Colts
1554866202,16,16,aae6d92e-5f28-43ee-b0dc-522e80e99f76,Peyton Manning,QB,REG,2010,0,0,3,1,0,0,0,0,1,0,-2,Indianapolis,Colts
1554866202,1,1,aae6d92e-5f28-43ee-b0dc-522e80e99f76,Peyton Manning,QB,PST,2012,0,0,2,1,0,0,0,0,0,0,0,Denver,Broncos
1554866202,16,16,aae6d92e-5f28-43ee-b0dc-522e80e99f76,Peyton Manning,QB,REG,2012,0,0,2,2,0,0,0,0,1,0,0,Denver,Broncos
1554866202,3,3,aae6d92e-5f28-43ee-b0dc-522e80e99f76,Peyton Manning,QB,PST,2013,0,0,1,1,0,0,0,0,0,0,0,Denver,Broncos
1554866202,16,16,aae6d92e-5f28-43ee-b0dc-522e80e99f76,Peyton Manning,QB,REG,2013,0,0,10,6,0,0,0,1,2,0,-4,Denver,Broncos
1554866202,1,1,aae6d92e-5f28-43ee-b0dc-522e80e99f76,Peyton Manning,QB,PST,2014,0,0,1,1,0,0,0,0,0,0,0,Denver,Broncos
1554866202,16,16,aae6d92e-5f28-43ee-b0dc-522e80e99f76,Peyton Manning,QB,REG,2014,0,0,5,2,0,0,0,0,1,0,-11,Denver,Broncos
1554866202,3,3,aae6d92e-5f28-43ee-b0dc-522e80e99f76,Peyton Manning,QB,PST,2015,0,0,4,2,0,0,0,0,2,0,-7,Denver,Broncos
1554866202,10,9,aae6d92e-5f28-43ee-b0dc-522e80e99f76,Peyton Manning,QB,REG,2015,0,0,1,0,0,0,0,0,0,0,0,Denver,Broncos
1554866202,13,0,0045a36c-f464-49e0-a25a-9210edc94bc1,Chase Daniel,QB,REG,2010,0,0,1,0,0,0,0,0,0,0,-11,New Orleans,Saints
1554866202,5,2,0045a36c-f464-49e0-a25a-9210edc94bc1,Chase Daniel,QB,REG,2018,0,0,4,0,0,0,0,0,3,0,-20,Chicago,Bears
1554866202,9,7,2fda010a-8c62-4c07-b601-4ba03f57e6af,Alex Smith,QB,REG,2005,0,0,11,0,0,0,0,0,6,0,-10,San Francisco,49ers
1554866202,16,16,2fda010a-8c62-4c07-b601-4ba03f57e6af,Alex Smith,QB,REG,2006,0,0,10,0,0,0,0,1,2,0,-3,San Francisco,49ers
1554866202,7,7,2fda010a-8c62-4c07-b601-4ba03f57e6af,Alex Smith,QB,REG,2007,0,0,6,2,0,0,0,0,0,0,0,San Francisco,49ers
1554866202,11,10,2fda010a-8c62-4c07-b601-4ba03f57e6af,Alex Smith,QB,REG,2009,0,0,3,1,0,0,0,0,1,0,0,San Francisco,49ers
1554866202,11,10,2fda010a-8c62-4c07-b601-4ba03f57e6af,Alex Smith,QB,REG,2010,0,0,4,2,0,0,0,0,0,0,0,San Francisco,49ers
1554866202,2,2,2fda010a-8c62-4c07-b601-4ba03f57e6af,Alex Smith,QB,PST,2011,0,0,2,1,0,0,0,0,1,0,0,San Francisco,49ers
1554866202,16,16,2fda010a-8c62-4c07-b601-4ba03f57e6af,Alex Smith,QB,REG,2011,0,0,7,2,0,0,0,1,4,0,0,San Francisco,49ers
1554866202,10,9,2fda010a-8c62-4c07-b601-4ba03f57e6af,Alex Smith,QB,REG,2012,0,0,4,1,0,0,0,0,2,0,-2,San Francisco,49ers
1554866202,1,1,2fda010a-8c62-4c07-b601-4ba03f57e6af,Alex Smith,QB,PST,2013,0,0,1,1,0,0,0,0,0,0,0,Kansas City,Chiefs
1554866202,15,15,2fda010a-8c62-4c07-b601-4ba03f57e6af,Alex Smith,QB,REG,2013,0,0,7,3,0,0,0,1,1,0,-13,Kansas City,Chiefs
1554866202,15,15,2fda010a-8c62-4c07-b601-4ba03f57e6af,Alex Smith,QB,REG,2014,0,0,4,1,0,0,0,1,2,0,0,Kansas City,Chiefs
1554866202,16,16,2fda010a-8c62-4c07-b601-4ba03f57e6af,Alex Smith,QB,REG,2015,0,0,4,0,0,0,0,0,2,0,-1,Kansas City,Chiefs
1554866202,15,15,2fda010a-8c62-4c07-b601-4ba03f57e6af,Alex Smith,QB,REG,2016,0,0,7,4,0,0,0,0,2,0,-22,Kansas City,Chiefs
1554866202,15,15,2fda010a-8c62-4c07-b601-4ba03f57e6af,Alex Smith,QB,REG,2017,0,0,2,1,0,0,0,0,3,0,-2,Kansas City,Chiefs
1554866202,10,10,2fda010a-8c62-4c07-b601-4ba03f57e6af,Alex Smith,QB,REG,2018,0,0,6,1,0,0,0,0,3,0,-4,Washington,Redskins
1554866202,2,0,da2d3510-355a-4a0d-a79d-bd96b4cfcecb,Kellen Clemens,QB,REG,2006,0,0,1,0,0,0,0,0,0,0,0,New York,Jets
1554866202,10,8,da2d3510-355a-4a0d-a79d-bd96b4cfcecb,Kellen Clemens,QB,REG,2007,0,0,4,0,0,0,0,0,1,0,-1,New York,Jets
1554866202,10,1,da2d3510-355a-4a0d-a79d-bd96b4cfcecb,Kellen Clemens,QB,REG,2009,0,0,2,0,0,0,0,0,1,0,-12,New York,Jets
1554866202,3,3,da2d3510-355a-4a0d-a79d-bd96b4cfcecb,Kellen Clemens,QB,REG,2011,0,0,2,0,0,0,0,0,1,0,0,St. Louis,Rams
1554866202,2,0,da2d3510-355a-4a0d-a79d-bd96b4cfcecb,Kellen Clemens,QB,REG,2012,0,0,1,0,0,0,0,0,1,0,0,St. Louis,Rams
1554866202,10,9,da2d3510-355a-4a0d-a79d-bd96b4cfcecb,Kellen Clemens,QB,REG,2013,0,0,7,4,0,0,0,1,1,0,-3,St. Louis,Rams
1554866202,2,0,e47706c7-e14d-41fb-b13b-83a835a1f3bc,Philip Rivers,QB,REG,2004,0,0,1,0,0,0,0,0,1,0,0,San Diego,Chargers
1554866202,2,0,e47706c7-e14d-41fb-b13b-83a835a1f3bc,Philip Rivers,QB,REG,2005,0,0,2,0,0,0,0,0,0,0,0,San Diego,Chargers
1554866202,1,1,e47706c7-e14d-41fb-b13b-83a835a1f3bc,Philip Rivers,QB,PST,2006,0,0,1,0,0,0,0,0,0,0,0,San Diego,Chargers
1554866202,16,16,e47706c7-e14d-41fb-b13b-83a835a1f3bc,Philip Rivers,QB,REG,2006,0,0,8,0,0,0,0,0,4,0,-25,San Diego,Chargers
1554866202,3,3,e47706c7-e14d-41fb-b13b-83a835a1f3bc,Philip Rivers,QB,PST,2007,0,0,1,0,0,0,0,0,0,0,0,San Diego,Chargers
1554866202,16,16,e47706c7-e14d-41fb-b13b-83a835a1f3bc,Philip Rivers,QB,REG,2007,0,0,11,1,0,0,0,0,3,0,-4,San Diego,Chargers
1554866202,16,16,e47706c7-e14d-41fb-b13b-83a835a1f3bc,Philip Rivers,QB,REG,2008,0,0,8,0,0,0,0,0,2,0,-5,San Diego,Chargers
1554866202,1,1,e47706c7-e14d-41fb-b13b-83a835a1f3bc,Philip Rivers,QB,PST,2009,0,0,1,0,0,0,0,0,1,0,0,San Diego,Chargers
1554866202,16,16,e47706c7-e14d-41fb-b13b-83a835a1f3bc,Philip Rivers,QB,REG,2009,0,0,6,3,0,0,0,0,1,0,0,San Diego,Chargers
1554866202,16,16,e47706c7-e14d-41fb-b13b-83a835a1f3bc,Philip Rivers,QB,REG,2010,0,0,7,4,0,0,0,0,2,0,-18,San Diego,Chargers
1554866202,16,16,e47706c7-e14d-41fb-b13b-83a835a1f3bc,Philip Rivers,QB,REG,2011,0,0,9,5,0,0,0,0,3,0,-1,San Diego,Chargers
1554866202,16,16,e47706c7-e14d-41fb-b13b-83a835a1f3bc,Philip Rivers,QB,REG,2012,0,0,15,7,0,0,0,1,2,0,-8,San Diego,Chargers
1554866202,16,16,e47706c7-e14d-41fb-b13b-83a835a1f3bc,Philip Rivers,QB,REG,2013,0,0,3,2,0,0,0,0,1,0,-6,San Diego,Chargers
1554866202,16,16,e47706c7-e14d-41fb-b13b-83a835a1f3bc,Philip Rivers,QB,REG,2014,0,0,8,2,0,0,0,0,5,0,-18,San Diego,Chargers
1554866202,16,16,e47706c7-e14d-41fb-b13b-83a835a1f3bc,Philip Rivers,QB,REG,2015,0,0,4,2,1,0,0,0,2,0,-5,San Diego,Chargers
1554866202,16,16,e47706c7-e14d-41fb-b13b-83a835a1f3bc,Philip Rivers,QB,REG,2016,0,0,9,5,0,0,0,0,3,0,-10,San Diego,Chargers
1554866202,16,16,e47706c7-e14d-41fb-b13b-83a835a1f3bc,Philip Rivers,QB,REG,2017,0,0,8,1,0,0,0,1,5,0,-4,Los Angeles,Chargers
1554866202,16,16,e47706c7-e14d-41fb-b13b-83a835a1f3bc,Philip Rivers,QB,REG,2018,0,0,2,1,0,0,0,0,1,0,-4,Los Angeles,Chargers
1554866202,6,1,1f09583f-dcc1-43e8-a7fc-f063d2c96508,Matt Schaub,QB,REG,2004,0,0,1,0,0,0,0,0,0,0,0,Atlanta,Falcons
1554866202,16,1,1f09583f-dcc1-43e8-a7fc-f063d2c96508,Matt Schaub,QB,REG,2005,0,0,1,0,0,0,0,0,0,0,0,Atlanta,Falcons
1554866202,16,0,1f09583f-dcc1-43e8-a7fc-f063d2c96508,Matt Schaub,QB,REG,2006,0,0,1,0,0,0,0,0,1,0,-11,Atlanta,Falcons
1554866202,11,11,1f09583f-dcc1-43e8-a7fc-f063d2c96508,Matt Schaub,QB,REG,2007,0,0,7,0,0,0,0,1,2,0,-6,Houston,Texans
1554866202,11,11,1f09583f-dcc1-43e8-a7fc-f063d2c96508,Matt Schaub,QB,REG,2008,0,0,10,1,0,0,0,0,4,0,-5,Houston,Texans
1554866202,16,16,1f09583f-dcc1-43e8-a7fc-f063d2c96508,Matt Schaub,QB,REG,2009,0,0,3,2,0,0,0,0,1,0,-2,Houston,Texans
1554866202,16,16,1f09583f-dcc1-43e8-a7fc-f063d2c96508,Matt Schaub,QB,REG,2010,0,0,9,3,0,0,0,0,1,0,-15,Houston,Texans
1554866202,10,10,1f09583f-dcc1-43e8-a7fc-f063d2c96508,Matt Schaub,QB,REG,2011,0,0,3,1,0,0,0,0,1,0,-13,Houston,Texans
1554866202,2,2,1f09583f-dcc1-43e8-a7fc-f063d2c96508,Matt Schaub,QB,PST,2012,0,0,1,0,0,0,0,0,1,0,0,Houston,Texans
1554866202,16,16,1f09583f-dcc1-43e8-a7fc-f063d2c96508,Matt Schaub,QB,REG,2012,0,0,4,0,0,0,0,0,2,0,-2,Houston,Texans
1554866202,10,8,1f09583f-dcc1-43e8-a7fc-f063d2c96508,Matt Schaub,QB,REG,2013,0,0,2,1,0,0,0,0,0,0,-1,Houston,Texans
1554866202,11,0,1f09583f-dcc1-43e8-a7fc-f063d2c96508,Matt Schaub,QB,REG,2014,0,0,3,1,0,0,0,0,1,0,0,Oakland,Raiders
1554866202,3,0,1f09583f-dcc1-43e8-a7fc-f063d2c96508,Matt Schaub,QB,REG,2018,0,0,1,0,0,0,0,0,1,0,-8,Atlanta,Falcons
1554866202,7,6,663b69e5-1fc2-404b-9a3f-f153c650ee89,Matt McGloin,QB,REG,2013,0,0,4,1,0,0,0,0,3,0,-12,Oakland,Raiders
1554866202,2,0,663b69e5-1fc2-404b-9a3f-f153c650ee89,Matt McGloin,QB,REG,2015,0,0,1,1,0,0,0,0,0,0,0,Oakland,Raiders
1554866202,16,16,9f026fc0-4449-4dc5-a226-2e2830619381,Derek Carr,QB,REG,2014,0,0,10,4,0,0,0,0,4,0,-30,Oakland,Raiders
1554866202,16,16,9f026fc0-4449-4dc5-a226-2e2830619381,Derek Carr,QB,REG,2015,0,0,10,3,0,0,0,2,2,0,-13,Oakland,Raiders
1554866202,15,15,9f026fc0-4449-4dc5-a226-2e2830619381,Derek Carr,QB,REG,2016,0,0,5,3,0,0,0,1,0,0,-11,Oakland,Raiders
1554866202,15,15,9f026fc0-4449-4dc5-a226-2e2830619381,Derek Carr,QB,REG,2017,0,0,8,3,0,0,0,2,1,0,-2,Oakland,Raiders
1554866202,16,16,9f026fc0-4449-4dc5-a226-2e2830619381,Derek Carr,QB,REG,2018,0,0,12,7,0,0,0,0,2,0,-6,Oakland,Raiders
1554866202,15,15,01291a8d-d97c-4d88-b497-b5ad4b72f626,Brandon Weeden,QB,REG,2012,0,0,6,1,0,0,0,0,2,0,-3,Cleveland,Browns
1554866202,8,5,01291a8d-d97c-4d88-b497-b5ad4b72f626,Brandon Weeden,QB,REG,2013,0,0,6,2,0,0,0,0,0,0,0,Cleveland,Browns
1554866202,5,1,01291a8d-d97c-4d88-b497-b5ad4b72f626,Brandon Weeden,QB,REG,2014,0,0,1,0,0,0,0,0,0,0,-5,Dallas,Cowboys
1554866202,1,1,c32d8200-2b85-4638-8db3-9a52fb86b207,Tony Romo,QB,PST,2006,0,0,2,0,0,0,0,0,1,0,0,Dallas,Cowboys
1554866202,16,10,c32d8200-2b85-4638-8db3-9a52fb86b207,Tony Romo,QB,REG,2006,0,0,9,0,0,0,0,1,3,0,-20,Dallas,Cowboys
1554866202,16,16,c32d8200-2b85-4638-8db3-9a52fb86b207,Tony Romo,QB,REG,2007,0,0,10,0,0,0,0,0,5,0,-4,Dallas,Cowboys
1554866202,13,13,c32d8200-2b85-4638-8db3-9a52fb86b207,Tony Romo,QB,REG,2008,0,0,13,0,0,0,0,2,3,0,-29,Dallas,Cowboys
1554866202,2,2,c32d8200-2b85-4638-8db3-9a52fb86b207,Tony Romo,QB,PST,2009,0,0,3,2,0,0,0,0,1,0,-3,Dallas,Cowboys
1554866202,16,16,c32d8200-2b85-4638-8db3-9a52fb86b207,Tony Romo,QB,REG,2009,0,0,6,4,0,0,0,0,2,0,-5,Dallas,Cowboys
1554866202,16,16,c32d8200-2b85-4638-8db3-9a52fb86b207,Tony Romo,QB,REG,2011,0,0,6,3,0,0,0,0,6,0,-3,Dallas,Cowboys
1554866202,16,16,c32d8200-2b85-4638-8db3-9a52fb86b207,Tony Romo,QB,REG,2012,0,0,6,3,0,0,0,0,2,0,-15,Dallas,Cowboys
1554866202,15,15,c32d8200-2b85-4638-8db3-9a52fb86b207,Tony Romo,QB,REG,2013,0,0,4,1,0,0,0,0,4,0,-6,Dallas,Cowboys
1554866202,2,2,c32d8200-2b85-4638-8db3-9a52fb86b207,Tony Romo,QB,PST,2014,0,0,3,0,0,0,0,0,2,0,0,Dallas,Cowboys
1554866202,15,15,c32d8200-2b85-4638-8db3-9a52fb86b207,Tony Romo,QB,REG,2014,0,0,7,3,0,0,0,0,3,0,-13,Dallas,Cowboys
1554866202,4,4,c32d8200-2b85-4638-8db3-9a52fb86b207,Tony Romo,QB,REG,2015,0,0,1,1,0,0,0,0,1,0,0,Dallas,Cowboys
1554866202,7,6,c8232b55-6617-4dd9-a7cf-cf14cd9a29ab,Nick Foles,QB,REG,2012,0,0,8,3,0,0,0,0,2,0,-18,Philadelphia,Eagles
1554866202,13,10,c8232b55-6617-4dd9-a7cf-cf14cd9a29ab,Nick Foles,QB,REG,2013,0,0,4,2,0,0,0,1,1,0,-10,Philadelphia,Eagles
1554866202,8,8,c8232b55-6617-4dd9-a7cf-cf14cd9a29ab,Nick Foles,QB,REG,2014,0,0,4,3,0,0,0,0,1,0,0,Philadelphia,Eagles
1554866202,11,11,c8232b55-6617-4dd9-a7cf-cf14cd9a29ab,Nick Foles,QB,REG,2015,0,0,5,2,0,0,0,0,2,0,-4,St. Louis,Rams
1554866202,3,3,c8232b55-6617-4dd9-a7cf-cf14cd9a29ab,Nick Foles,QB,PST,2017,0,0,2,0,0,0,0,0,1,0,-7,Philadelphia,Eagles
1554866202,7,3,c8232b55-6617-4dd9-a7cf-cf14cd9a29ab,Nick Foles,QB,REG,2017,0,0,6,2,0,0,0,0,3,0,-8,Philadelphia,Eagles
1554866202,5,5,c8232b55-6617-4dd9-a7cf-cf14cd9a29ab,Nick Foles,QB,REG,2018,0,0,4,2,0,0,0,0,2,0,0,Philadelphia,Eagles
1554866202,3,0,da7cb0cc-543e-47d5-b29a-2ba2b341bd14,Matt Barkley,QB,REG,2013,0,0,3,1,0,0,0,0,2,0,0,Philadelphia,Eagles
1554866202,7,6,da7cb0cc-543e-47d5-b29a-2ba2b341bd14,Matt Barkley,QB,REG,2016,0,0,4,2,0,0,0,0,1,0,-7,Chicago,Bears
1554866202,15,15,e6c40f79-1bbd-4f62-9391-7f535f110c0d,Mark Sanchez,QB,REG,2009,0,0,10,3,0,0,0,0,2,0,0,New York,Jets
1554866202,3,3,e6c40f79-1bbd-4f62-9391-7f535f110c0d,Mark Sanchez,QB,PST,2010,0,0,2,1,0,0,0,0,1,0,-8,New York,Jets
1554866202,16,16,e6c40f79-1bbd-4f62-9391-7f535f110c0d,Mark Sanchez,QB,REG,2010,0,0,9,1,0,0,0,1,3,0,-6,New York,Jets
1554866202,16,16,e6c40f79-1bbd-4f62-9391-7f535f110c0d,Mark Sanchez,QB,REG,2011,0,0,10,8,0,0,0,0,1,0,-18,New York,Jets
1554866202,15,15,e6c40f79-1bbd-4f62-9391-7f535f110c0d,Mark Sanchez,QB,REG,2012,0,0,14,8,0,0,0,1,3,0,-22,New York,Jets
1554866202,9,8,e6c40f79-1bbd-4f62-9391-7f535f110c0d,Mark Sanchez,QB,REG,2014,0,0,7,3,0,0,0,0,3,0,-31,Philadelphia,Eagles
1554866202,4,2,e6c40f79-1bbd-4f62-9391-7f535f110c0d,Mark Sanchez,QB,REG,2015,0,0,1,1,0,0,0,0,0,0,0,Philadelphia,Eagles
1554866202,2,1,e6c40f79-1bbd-4f62-9391-7f535f110c0d,Mark Sanchez,QB,REG,2018,0,0,1,0,0,0,0,0,1,0,0,Washington,Redskins
1554866202,9,7,6cb6226e-f08c-4192-95f1-69709ed686c6,Eli Manning,QB,REG,2004,0,0,3,1,0,0,0,0,0,0,-9,New York,Giants
1554866202,1,1,6cb6226e-f08c-4192-95f1-69709ed686c6,Eli Manning,QB,PST,2005,0,0,1,0,0,0,0,0,0,0,0,New York,Giants
1554866202,16,16,6cb6226e-f08c-4192-95f1-69709ed686c6,Eli Manning,QB,REG,2005,0,0,9,1,0,0,0,1,0,0,0,New York,Giants
1554866202,16,16,6cb6226e-f08c-4192-95f1-69709ed686c6,Eli Manning,QB,REG,2006,0,0,9,0,0,0,0,1,1,0,-3,New York,Giants
1554866202,4,4,6cb6226e-f08c-4192-95f1-69709ed686c6,Eli Manning,QB,PST,2007,0,0,2,0,0,0,0,0,1,0,-3,New York,Giants
1554866202,16,16,6cb6226e-f08c-4192-95f1-69709ed686c6,Eli Manning,QB,REG,2007,0,0,13,0,0,0,0,0,4,0,-5,New York,Giants
1554866202,16,16,6cb6226e-f08c-4192-95f1-69709ed686c6,Eli Manning,QB,REG,2008,0,0,5,0,0,0,0,0,0,0,0,New York,Giants
1554866202,16,16,6cb6226e-f08c-4192-95f1-69709ed686c6,Eli Manning,QB,REG,2009,0,0,13,8,0,0,0,0,1,0,0,New York,Giants
1554866202,16,16,6cb6226e-f08c-4192-95f1-69709ed686c6,Eli Manning,QB,REG,2010,0,0,7,5,0,0,0,0,2,0,-4,New York,Giants
1554866202,4,4,6cb6226e-f08c-4192-95f1-69709ed686c6,Eli Manning,QB,PST,2011,0,0,1,0,0,0,0,0,0,0,0,New York,Giants
1554866202,16,16,6cb6226e-f08c-4192-95f1-69709ed686c6,Eli Manning,QB,REG,2011,0,0,8,4,0,0,0,0,3,0,-3,New York,Giants
1554866202,16,16,6cb6226e-f08c-4192-95f1-69709ed686c6,Eli Manning,QB,REG,2012,0,0,5,1,0,0,0,0,2,0,0,New York,Giants
1554866202,16,16,6cb6226e-f08c-4192-95f1-69709ed686c6,Eli Manning,QB,REG,2013,0,0,7,2,0,0,0,0,1,0,-6,New York,Giants
1554866202,16,16,6cb6226e-f08c-4192-95f1-69709ed686c6,Eli Manning,QB,REG,2014,0,0,7,4,0,0,0,0,0,0,0,New York,Giants
1554866202,16,16,6cb6226e-f08c-4192-95f1-69709ed686c6,Eli Manning,QB,REG,2015,0,0,11,4,0,0,0,1,4,0,-19,New York,Giants
1554866202,1,1,6cb6226e-f08c-4192-95f1-69709ed686c6,Eli Manning,QB,PST,2016,0,0,1,1,0,0,0,0,0,0,0,New York,Giants
1554866202,16,16,6cb6226e-f08c-4192-95f1-69709ed686c6,Eli Manning,QB,REG,2016,0,0,7,4,0,0,0,0,0,0,0,New York,Giants
1554866202,15,15,6cb6226e-f08c-4192-95f1-69709ed686c6,Eli Manning,QB,REG,2017,0,0,11,5,0,0,0,0,5,0,-5,New York,Giants
1554866202,16,16,6cb6226e-f08c-4192-95f1-69709ed686c6,Eli Manning,QB,REG,2018,0,0,7,4,0,0,0,0,2,0,0,New York,Giants
1554866202,4,0,cb6e47f1-ace7-44c7-893e-1d6d37fc46bd,Ryan Nassib,QB,REG,2014,0,0,1,0,0,0,0,0,1,0,0,New York,Giants
1554866202,8,8,3699dfd9-d437-43f7-b674-adbb31e7e64b,Colt McCoy,QB,REG,2010,0,0,1,0,0,0,0,0,1,0,0,Cleveland,Browns
1554866202,13,13,3699dfd9-d437-43f7-b674-adbb31e7e64b,Colt McCoy,QB,REG,2011,0,0,11,2,0,0,0,0,5,0,-9,Cleveland,Browns
1554866202,5,4,3699dfd9-d437-43f7-b674-adbb31e7e64b,Colt McCoy,QB,REG,2014,0,0,6,1,0,0,0,0,2,0,-1,Washington,Redskins
1554866202,2,0,3699dfd9-d437-43f7-b674-adbb31e7e64b,Colt McCoy,QB,REG,2015,0,0,1,0,0,0,0,0,0,0,0,Washington,Redskins
1554866202,3,2,3699dfd9-d437-43f7-b674-adbb31e7e64b,Colt McCoy,QB,REG,2018,0,0,1,0,0,0,0,0,0,0,0,Washington,Redskins
1554866202,1,1,8dfb370d-460c-4bfc-9d62-888687248783,Robert Griffin III,QB,PST,2012,0,0,1,1,0,0,0,0,0,0,-7,Washington,Redskins
1554866202,15,15,8dfb370d-460c-4bfc-9d62-888687248783,Robert Griffin III,QB,REG,2012,0,0,12,2,0,0,0,0,4,0,-16,Washington,Redskins
1554866202,13,13,8dfb370d-460c-4bfc-9d62-888687248783,Robert Griffin III,QB,REG,2013,0,0,11,4,0,0,0,0,2,0,-36,Washington,Redskins
1554866202,9,7,8dfb370d-460c-4bfc-9d62-888687248783,Robert Griffin III,QB,REG,2014,0,0,9,4,0,0,0,1,3,0,-7,Washington,Redskins
1554866202,5,5,8dfb370d-460c-4bfc-9d62-888687248783,Robert Griffin III,QB,REG,2016,0,0,4,1,0,0,0,0,1,0,-18,Cleveland,Browns
1554866202,1,0,bbd0942c-6f77-4f83-a6d0-66ec6548019e,Kirk Cousins,QB,PST,2012,0,0,1,0,0,0,0,0,1,0,-4,Washington,Redskins
1554866202,3,1,bbd0942c-6f77-4f83-a6d0-66ec6548019e,Kirk Cousins,QB,REG,2012,0,0,1,0,0,0,0,0,1,0,0,Washington,Redskins
1554866202,5,3,bbd0942c-6f77-4f83-a6d0-66ec6548019e,Kirk Cousins,QB,REG,2013,0,0,3,2,0,0,0,0,0,0,0,Washington,Redskins
1554866202,6,5,bbd0942c-6f77-4f83-a6d0-66ec6548019e,Kirk Cousins,QB,REG,2014,0,0,2,2,0,0,0,0,0,0,0,Washington,Redskins
1554866202,1,1,bbd0942c-6f77-4f83-a6d0-66ec6548019e,Kirk Cousins,QB,PST,2015,0,0,3,1,0,0,0,0,2,0,0,Washington,Redskins
1554866202,16,16,bbd0942c-6f77-4f83-a6d0-66ec6548019e,Kirk Cousins,QB,REG,2015,0,0,9,3,0,0,0,1,5,0,-8,Washington,Redskins
1554866202,16,16,bbd0942c-6f77-4f83-a6d0-66ec6548019e,Kirk Cousins,QB,REG,2016,0,0,9,3,0,0,0,0,5,0,0,Washington,Redskins
1554866202,16,16,bbd0942c-6f77-4f83-a6d0-66ec6548019e,Kirk Cousins,QB,REG,2017,0,0,13,5,0,0,0,1,4,0,-52,Washington,Redskins
1554866202,16,16,bbd0942c-6f77-4f83-a6d0-66ec6548019e,Kirk Cousins,QB,REG,2018,0,0,9,7,0,0,0,0,3,0,-31,Minnesota,Vikings
1554866202,3,0,0ce48193-e2fa-466e-a986-33f751add206,Aaron Rodgers,QB,REG,2005,0,0,2,0,0,0,0,0,0,0,0,Green Bay,Packers
1554866202,2,0,0ce48193-e2fa-466e-a986-33f751add206,Aaron Rodgers,QB,REG,2006,0,0,1,0,0,0,0,0,0,0,0,Green Bay,Packers
1554866202,16,16,0ce48193-e2fa-466e-a986-33f751add206,Aaron Rodgers,QB,REG,2008,0,0,10,0,0,0,0,0,5,0,-22,Green Bay,Packers
1554866202,1,1,0ce48193-e2fa-466e-a986-33f751add206,Aaron Rodgers,QB,PST,2009,0,0,1,1,0,0,0,0,0,0,0,Green Bay,Packers
1554866202,16,16,0ce48193-e2fa-466e-a986-33f751add206,Aaron Rodgers,QB,REG,2009,0,0,10,4,0,0,0,0,4,0,-8,Green Bay,Packers
1554866202,4,4,0ce48193-e2fa-466e-a986-33f751add206,Aaron Rodgers,QB,PST,2010,0,0,2,1,0,0,0,0,1,0,0,Green Bay,Packers
1554866202,15,15,0ce48193-e2fa-466e-a986-33f751add206,Aaron Rodgers,QB,REG,2010,0,0,4,1,0,0,0,0,1,0,-2,Green Bay,Packers
1554866202,1,1,0ce48193-e2fa-466e-a986-33f751add206,Aaron Rodgers,QB,PST,2011,0,0,1,1,0,0,0,0,0,0,0,Green Bay,Packers
1554866202,15,15,0ce48193-e2fa-466e-a986-33f751add206,Aaron Rodgers,QB,REG,2011,0,0,4,0,0,0,0,0,2,0,0,Green Bay,Packers
1554866202,2,2,0ce48193-e2fa-466e-a986-33f751add206,Aaron Rodgers,QB,PST,2012,0,0,1,0,0,0,0,0,1,0,0,Green Bay,Packers
1554866202,16,16,0ce48193-e2fa-466e-a986-33f751add206,Aaron Rodgers,QB,REG,2012,0,0,5,4,0,0,0,0,1,0,0,Green Bay,Packers
1554866202,1,1,0ce48193-e2fa-466e-a986-33f751add206,Aaron Rodgers,QB,PST,2013,0,0,1,0,0,0,0,0,0,0,0,Green Bay,Packers
1554866202,9,9,0ce48193-e2fa-466e-a986-33f751add206,Aaron Rodgers,QB,REG,2013,0,0,4,0,0,0,0,0,1,0,-6,Green Bay,Packers
1554866202,2,2,0ce48193-e2fa-466e-a986-33f751add206,Aaron Rodgers,QB,PST,2014,0,0,2,1,0,0,0,0,1,0,0,Green Bay,Packers
1554866202,16,16,0ce48193-e2fa-466e-a986-33f751add206,Aaron Rodgers,QB,REG,2014,0,0,10,2,0,0,0,0,5,0,-16,Green Bay,Packers
1554866202,16,16,0ce48193-e2fa-466e-a986-33f751add206,Aaron Rodgers,QB,REG,2015,0,0,8,4,0,0,0,0,3,0,0,Green Bay,Packers
1554866202,16,16,0ce48193-e2fa-466e-a986-33f751add206,Aaron Rodgers,QB,REG,2016,0,0,8,4,0,0,0,0,1,0,-3,Green Bay,Packers
1554866202,7,7,0ce48193-e2fa-466e-a986-33f751add206,Aaron Rodgers,QB,REG,2017,0,0,1,1,0,0,0,0,1,0,0,Green Bay,Packers
1554866202,16,16,0ce48193-e2fa-466e-a986-33f751add206,Aaron Rodgers,QB,REG,2018,0,0,6,3,0,0,0,1,1,0,0,Green Bay,Packers
1554866202,3,0,32d5dc32-c443-4db7-8709-4c6238a3000b,Scott Tolzien,QB,REG,2015,0,0,1,0,0,0,0,0,0,0,-2,Green Bay,Packers
1554866202,3,1,32d5dc32-c443-4db7-8709-4c6238a3000b,Scott Tolzien,QB,REG,2016,0,0,1,0,0,0,0,0,1,0,0,Indianapolis,Colts
1554866202,1,1,32d5dc32-c443-4db7-8709-4c6238a3000b,Scott Tolzien,QB,REG,2017,0,0,1,0,0,0,0,0,1,0,0,Indianapolis,Colts
1554866202,7,0,53e3389f-6db2-41d6-bddf-e1246cb776fb,Matt Flynn,QB,REG,2008,0,0,1,0,0,0,0,0,0,0,0,Green Bay,Packers
1554866202,7,1,53e3389f-6db2-41d6-bddf-e1246cb776fb,Matt Flynn,QB,REG,2010,0,0,1,1,0,0,0,0,0,0,0,Green Bay,Packers
1554866202,5,1,53e3389f-6db2-41d6-bddf-e1246cb776fb,Matt Flynn,QB,REG,2011,0,0,1,1,0,0,0,0,0,0,0,Green Bay,Packers
1554866202,7,0,53e3389f-6db2-41d6-bddf-e1246cb776fb,Matt Flynn,QB,REG,2014,0,0,1,1,0,0,0,0,0,0,0,Green Bay,Packers
1554866202,3,2,742a4673-9df8-4a79-938f-edef65087075,Kellen Moore,QB,REG,2015,0,0,1,1,0,0,0,0,0,0,-4,Dallas,Cowboys
1554866202,10,10,ade43b1a-0601-4672-83b6-d246bc066a19,Matthew Stafford,QB,REG,2009,0,0,4,1,0,0,0,0,2,0,0,Detroit,Lions
1554866202,3,3,ade43b1a-0601-4672-83b6-d246bc066a19,Matthew Stafford,QB,REG,2010,0,0,2,1,0,0,0,0,0,0,-5,Detroit,Lions
1554866202,16,16,ade43b1a-0601-4672-83b6-d246bc066a19,Matthew Stafford,QB,REG,2011,0,0,5,1,0,0,0,0,1,0,-4,Detroit,Lions
1554866202,16,16,ade43b1a-0601-4672-83b6-d246bc066a19,Matthew Stafford,QB,REG,2012,0,0,6,4,0,0,0,0,2,0,-7,Detroit,Lions
1554866202,16,16,ade43b1a-0601-4672-83b6-d246bc066a19,Matthew Stafford,QB,REG,2013,0,0,12,4,0,0,0,0,5,0,-35,Detroit,Lions
1554866202,1,1,ade43b1a-0601-4672-83b6-d246bc066a19,Matthew Stafford,QB,PST,2014,0,0,2,2,0,0,0,0,0,0,0,Detroit,Lions
1554866202,16,16,ade43b1a-0601-4672-83b6-d246bc066a19,Matthew Stafford,QB,REG,2014,0,0,8,3,0,0,0,0,3,0,-5,Detroit,Lions
1554866202,16,16,ade43b1a-0601-4672-83b6-d246bc066a19,Matthew Stafford,QB,REG,2015,0,0,4,2,0,0,0,0,2,0,-5,Detroit,Lions
1554866202,16,16,ade43b1a-0601-4672-83b6-d246bc066a19,Matthew Stafford,QB,REG,2016,0,0,3,2,0,0,0,0,1,0,0,Detroit,Lions
1554866202,16,16,ade43b1a-0601-4672-83b6-d246bc066a19,Matthew Stafford,QB,REG,2017,0,0,11,7,0,0,0,0,2,0,-13,Detroit,Lions
1554866202,16,16,ade43b1a-0601-4672-83b6-d246bc066a19,Matthew Stafford,QB,REG,2018,0,0,6,4,0,0,0,1,1,0,0,Detroit,Lions
1554866202,2,0,bbfcacdd-b6ae-48df-8911-764bb7e0fcdb,Dan Orlovsky,QB,REG,2005,0,0,1,0,0,0,0,0,0,0,0,Detroit,Lions
1554866202,10,7,bbfcacdd-b6ae-48df-8911-764bb7e0fcdb,Dan Orlovsky,QB,REG,2008,0,0,3,0,0,0,0,0,2,0,-7,Detroit,Lions
1554866202,8,5,bbfcacdd-b6ae-48df-8911-764bb7e0fcdb,Dan Orlovsky,QB,REG,2011,0,0,7,3,0,0,0,0,1,0,0,Indianapolis,Colts
1554866202,11,10,3467ae3e-4ddf-450d-8f36-b741ea3a2564,Christian Ponder,QB,REG,2011,0,0,6,2,0,0,0,1,0,0,-9,Minnesota,Vikings
1554866202,16,16,3467ae3e-4ddf-450d-8f36-b741ea3a2564,Christian Ponder,QB,REG,2012,0,0,7,5,0,0,0,1,2,0,0,Minnesota,Vikings
1554866202,9,9,3467ae3e-4ddf-450d-8f36-b741ea3a2564,Christian Ponder,QB,REG,2013,0,0,7,4,0,0,0,1,1,0,-7,Minnesota,Vikings
1554866202,2,0,8263e101-aa33-435f-bf0f-388e1c4eeb59,Matt Cassel,QB,REG,2005,0,0,2,0,0,0,0,1,1,0,-1,New England,Patriots
1554866202,6,0,8263e101-aa33-435f-bf0f-388e1c4eeb59,Matt Cassel,QB,REG,2006,0,0,1,0,0,0,0,0,0,0,0,New England,Patriots
1554866202,6,0,8263e101-aa33-435f-bf0f-388e1c4eeb59,Matt Cassel,QB,REG,2007,0,0,1,0,0,0,0,0,1,0,-9,New England,Patriots
1554866202,16,15,8263e101-aa33-435f-bf0f-388e1c4eeb59,Matt Cassel,QB,REG,2008,0,0,7,2,0,0,0,0,2,0,-24,New England,Patriots
1554866202,15,15,8263e101-aa33-435f-bf0f-388e1c4eeb59,Matt Cassel,QB,REG,2009,0,0,14,3,0,0,0,0,4,0,-29,Kansas City,Chiefs
1554866202,15,15,8263e101-aa33-435f-bf0f-388e1c4eeb59,Matt Cassel,QB,REG,2010,0,0,3,1,0,0,0,0,0,0,-2,Kansas City,Chiefs
1554866202,9,9,8263e101-aa33-435f-bf0f-388e1c4eeb59,Matt Cassel,QB,REG,2011,0,0,5,2,0,0,0,0,0,0,-3,Kansas City,Chiefs
1554866202,9,8,8263e101-aa33-435f-bf0f-388e1c4eeb59,Matt Cassel,QB,REG,2012,0,0,9,7,0,0,0,0,1,0,-8,Kansas City,Chiefs
1554866202,9,6,8263e101-aa33-435f-bf0f-388e1c4eeb59,Matt Cassel,QB,REG,2013,0,0,3,1,0,0,0,0,1,0,-3,Minnesota,Vikings
1554866202,3,3,8263e101-aa33-435f-bf0f-388e1c4eeb59,Matt Cassel,QB,REG,2014,0,0,3,0,0,0,0,0,2,0,-29,Minnesota,Vikings
1554866202,4,1,8263e101-aa33-435f-bf0f-388e1c4eeb59,Matt Cassel,QB,REG,2016,0,0,1,0,0,0,0,0,1,0,0,Tennessee,Titans
1554866202,2,1,8263e101-aa33-435f-bf0f-388e1c4eeb59,Matt Cassel,QB,REG,2017,0,0,2,2,0,0,0,0,0,0,0,Tennessee,Titans
1554866202,13,12,d4cb52a9-f6b4-42ed-b40b-27bff5f1eea7,Teddy Bridgewater,QB,REG,2014,0,0,3,0,0,0,0,0,1,0,0,Minnesota,Vikings
1554866202,16,16,d4cb52a9-f6b4-42ed-b40b-27bff5f1eea7,Teddy Bridgewater,QB,REG,2015,0,0,8,3,0,0,0,1,1,0,-2,Minnesota,Vikings
1554866202,13,10,01654256-1c2b-4729-a166-dd54358a71da,Jimmy Clausen,QB,REG,2010,0,0,9,2,0,0,0,0,3,0,-28,Carolina,Panthers
1554866202,2,1,01654256-1c2b-4729-a166-dd54358a71da,Jimmy Clausen,QB,REG,2015,0,0,1,0,0,0,0,0,1,0,0,Chicago,Bears
1554866202,1,0,eab69ec2-9cba-4783-8260-cf99121ed2c8,David Fales,QB,REG,2016,0,0,1,0,0,0,0,0,0,0,0,Chicago,Bears
1554866202,5,5,ecd3bc0f-04dd-4945-9454-3fc4722fa5a8,Jay Cutler,QB,REG,2006,0,0,8,0,0,0,0,0,3,0,-8,Denver,Broncos
1554866202,16,16,ecd3bc0f-04dd-4945-9454-3fc4722fa5a8,Jay Cutler,QB,REG,2007,0,0,11,0,0,0,0,1,3,0,-31,Denver,Broncos
1554866202,16,16,ecd3bc0f-04dd-4945-9454-3fc4722fa5a8,Jay Cutler,QB,REG,2008,0,0,5,0,0,0,0,1,0,0,-11,Denver,Broncos
1554866202,16,16,ecd3bc0f-04dd-4945-9454-3fc4722fa5a8,Jay Cutler,QB,REG,2009,0,0,9,1,0,0,0,0,5,0,-8,Chicago,Bears
1554866202,2,2,ecd3bc0f-04dd-4945-9454-3fc4722fa5a8,Jay Cutler,QB,PST,2010,0,0,2,0,0,0,0,0,0,0,0,Chicago,Bears
1554866202,15,15,ecd3bc0f-04dd-4945-9454-3fc4722fa5a8,Jay Cutler,QB,REG,2010,0,0,10,6,0,0,0,0,1,0,0,Chicago,Bears
1554866202,10,10,ecd3bc0f-04dd-4945-9454-3fc4722fa5a8,Jay Cutler,QB,REG,2011,0,0,7,3,0,0,0,0,4,0,-8,Chicago,Bears
1554866202,15,15,ecd3bc0f-04dd-4945-9454-3fc4722fa5a8,Jay Cutler,QB,REG,2012,0,0,8,4,0,0,0,0,1,0,-7,Chicago,Bears
1554866202,11,11,ecd3bc0f-04dd-4945-9454-3fc4722fa5a8,Jay Cutler,QB,REG,2013,0,0,5,3,0,0,0,0,1,0,-10,Chicago,Bears
1554866202,15,15,ecd3bc0f-04dd-4945-9454-3fc4722fa5a8,Jay Cutler,QB,REG,2014,0,0,12,6,0,0,0,0,4,0,-29,Chicago,Bears
1554866202,15,15,ecd3bc0f-04dd-4945-9454-3fc4722fa5a8,Jay Cutler,QB,REG,2015,0,0,8,5,0,0,0,1,2,0,-8,Chicago,Bears
1554866202,5,5,ecd3bc0f-04dd-4945-9454-3fc4722fa5a8,Jay Cutler,QB,REG,2016,0,0,6,2,0,0,0,1,2,0,0,Chicago,Bears
1554866202,14,14,ecd3bc0f-04dd-4945-9454-3fc4722fa5a8,Jay Cutler,QB,REG,2017,0,0,6,0,0,0,0,0,6,0,-5,Miami,Dolphins
1554866202,16,16,214e55e4-a089-412d-9598-a16495df0d25,Cam Newton,QB,REG,2011,0,0,5,2,0,0,0,0,3,0,-4,Carolina,Panthers
1554866202,16,16,214e55e4-a089-412d-9598-a16495df0d25,Cam Newton,QB,REG,2012,0,0,10,3,0,0,0,0,3,0,-8,Carolina,Panthers
1554866202,16,16,214e55e4-a089-412d-9598-a16495df0d25,Cam Newton,QB,REG,2013,0,0,3,1,0,0,0,0,1,0,-8,Carolina,Panthers
1554866202,2,2,214e55e4-a089-412d-9598-a16495df0d25,Cam Newton,QB,PST,2014,0,0,3,2,0,0,0,1,0,0,-3,Carolina,Panthers
1554866202,14,14,214e55e4-a089-412d-9598-a16495df0d25,Cam Newton,QB,REG,2014,0,0,9,5,0,0,0,0,3,0,-10,Carolina,Panthers
1554866202,3,3,214e55e4-a089-412d-9598-a16495df0d25,Cam Newton,QB,PST,2015,0,0,2,2,0,0,0,0,0,0,0,Carolina,Panthers
1554866202,16,16,214e55e4-a089-412d-9598-a16495df0d25,Cam Newton,QB,REG,2015,0,0,5,4,0,0,0,0,1,0,-10,Carolina,Panthers
1554866202,15,14,214e55e4-a089-412d-9598-a16495df0d25,Cam Newton,QB,REG,2016,0,0,3,2,0,0,0,0,1,0,0,Carolina,Panthers
1554866202,16,16,214e55e4-a089-412d-9598-a16495df0d25,Cam Newton,QB,REG,2017,0,0,9,1,0,0,0,0,3,0,-17,Carolina,Panthers
1554866202,14,14,214e55e4-a089-412d-9598-a16495df0d25,Cam Newton,QB,REG,2018,0,0,6,0,0,0,0,1,1,0,0,Carolina,Panthers
1554866202,5,2,250199f2-1387-4b55-b96f-17fedea6db7f,Joe Webb III,QB,REG,2010,0,0,1,0,0,0,0,0,0,0,0,Minnesota,Vikings
1554866202,11,1,250199f2-1387-4b55-b96f-17fedea6db7f,Joe Webb III,QB,REG,2011,0,0,1,1,0,0,0,0,0,0,0,Minnesota,Vikings
1554866202,1,1,250199f2-1387-4b55-b96f-17fedea6db7f,Joe Webb III,QB,PST,2012,0,0,1,1,0,0,0,0,0,0,0,Minnesota,Vikings
1554866202,16,0,250199f2-1387-4b55-b96f-17fedea6db7f,Joe Webb III,QB,REG,2015,0,0,0,0,1,0,14,0,0,0,0,Carolina,Panthers
1554866202,5,3,72fbe462-91c5-4c84-9640-e8ad7cad6447,Derek Anderson,QB,REG,2006,0,0,2,0,0,0,0,0,0,0,0,Cleveland,Browns
1554866202,16,15,72fbe462-91c5-4c84-9640-e8ad7cad6447,Derek Anderson,QB,REG,2007,0,0,5,0,0,0,0,1,1,0,-3,Cleveland,Browns
1554866202,10,9,72fbe462-91c5-4c84-9640-e8ad7cad6447,Derek Anderson,QB,REG,2008,0,0,9,0,0,0,0,1,2,0,-13,Cleveland,Browns
1554866202,8,7,72fbe462-91c5-4c84-9640-e8ad7cad6447,Derek Anderson,QB,REG,2009,0,0,5,3,0,0,0,0,2,0,-4,Cleveland,Browns
1554866202,12,9,72fbe462-91c5-4c84-9640-e8ad7cad6447,Derek Anderson,QB,REG,2010,0,0,6,3,0,0,0,0,1,0,0,Arizona,Cardinals
1554866202,6,2,72fbe462-91c5-4c84-9640-e8ad7cad6447,Derek Anderson,QB,REG,2014,0,0,2,0,0,0,0,0,2,0,-10,Carolina,Panthers
1554866202,3,0,72fbe462-91c5-4c84-9640-e8ad7cad6447,Derek Anderson,QB,REG,2015,0,0,1,0,0,0,0,0,1,0,0,Carolina,Panthers
1554866202,5,2,72fbe462-91c5-4c84-9640-e8ad7cad6447,Derek Anderson,QB,REG,2016,0,0,1,1,0,0,0,0,0,0,0,Carolina,Panthers
1554866202,2,2,72fbe462-91c5-4c84-9640-e8ad7cad6447,Derek Anderson,QB,REG,2018,0,0,3,2,0,0,0,0,1,0,0,Buffalo,Bills
1554866202,5,4,31305637-a7a6-4d38-a617-2d928a9ce425,Luke McCown,QB,REG,2004,0,0,2,0,0,0,0,0,1,0,-12,Cleveland,Browns
1554866202,5,3,31305637-a7a6-4d38-a617-2d928a9ce425,Luke McCown,QB,REG,2007,0,0,3,0,0,0,0,0,1,0,-2,Tampa Bay,Buccaneers
1554866202,4,2,31305637-a7a6-4d38-a617-2d928a9ce425,Luke McCown,QB,REG,2011,0,0,2,1,0,0,0,0,0,0,0,Jacksonville,Jaguars
1554866202,1,0,bb5957e6-ce7d-47ab-8036-22191ffc1c44,Drew Brees,QB,REG,2001,0,0,2,0,0,0,0,0,1,0,0,San Diego,Chargers
1554866202,16,16,bb5957e6-ce7d-47ab-8036-22191ffc1c44,Drew Brees,QB,REG,2002,0,0,2,0,0,0,0,0,2,0,0,San Diego,Chargers
1554866202,11,11,bb5957e6-ce7d-47ab-8036-22191ffc1c44,Drew Brees,QB,REG,2003,0,0,5,3,0,0,0,0,0,0,-1,San Diego,Chargers
1554866202,1,1,bb5957e6-ce7d-47ab-8036-22191ffc1c44,Drew Brees,QB,PST,2004,0,0,1,0,0,0,0,0,1,0,0,San Diego,Chargers
1554866202,15,15,bb5957e6-ce7d-47ab-8036-22191ffc1c44,Drew Brees,QB,REG,2004,0,0,7,2,0,0,0,0,3,0,-10,San Diego,Chargers
1554866202,16,16,bb5957e6-ce7d-47ab-8036-22191ffc1c44,Drew Brees,QB,REG,2005,0,0,8,0,0,0,0,0,0,0,0,San Diego,Chargers
1554866202,2,2,bb5957e6-ce7d-47ab-8036-22191ffc1c44,Drew Brees,QB,PST,2006,0,0,3,0,0,0,0,0,0,0,-12,New Orleans,Saints
1554866202,16,16,bb5957e6-ce7d-47ab-8036-22191ffc1c44,Drew Brees,QB,REG,2006,0,0,8,0,0,0,0,0,1,0,-3,New Orleans,Saints
1554866202,16,16,bb5957e6-ce7d-47ab-8036-22191ffc1c44,Drew Brees,QB,REG,2007,0,0,9,0,0,0,0,0,0,0,-6,New Orleans,Saints
1554866202,16,16,bb5957e6-ce7d-47ab-8036-22191ffc1c44,Drew Brees,QB,REG,2008,0,0,6,0,0,0,0,1,2,0,-34,New Orleans,Saints
1554866202,3,3,bb5957e6-ce7d-47ab-8036-22191ffc1c44,Drew Brees,QB,PST,2009,0,0,2,0,0,0,0,0,1,0,0,New Orleans,Saints
1554866202,15,15,bb5957e6-ce7d-47ab-8036-22191ffc1c44,Drew Brees,QB,REG,2009,0,0,10,6,0,0,0,1,2,0,0,New Orleans,Saints
1554866202,1,1,bb5957e6-ce7d-47ab-8036-22191ffc1c44,Drew Brees,QB,PST,2010,0,0,1,0,0,0,0,0,0,0,0,New Orleans,Saints
1554866202,16,16,bb5957e6-ce7d-47ab-8036-22191ffc1c44,Drew Brees,QB,REG,2010,0,0,9,2,0,0,0,0,5,0,0,New Orleans,Saints
1554866202,2,2,bb5957e6-ce7d-47ab-8036-22191ffc1c44,Drew Brees,QB,PST,2011,0,0,1,1,0,0,0,0,0,0,0,New Orleans,Saints
1554866202,16,16,bb5957e6-ce7d-47ab-8036-22191ffc1c44,Drew Brees,QB,REG,2011,0,0,1,1,0,0,0,0,0,0,-15,New Orleans,Saints
1554866202,16,16,bb5957e6-ce7d-47ab-8036-22191ffc1c44,Drew Brees,QB,REG,2012,0,0,5,1,0,0,0,0,2,0,0,New Orleans,Saints
1554866202,2,2,bb5957e6-ce7d-47ab-8036-22191ffc1c44,Drew Brees,QB,PST,2013,0,0,1,0,0,0,0,0,0,0,0,New Orleans,Saints
1554866202,16,16,bb5957e6-ce7d-47ab-8036-22191ffc1c44,Drew Brees,QB,REG,2013,0,0,6,2,0,0,0,0,0,0,0,New Orleans,Saints
1554866202,16,16,bb5957e6-ce7d-47ab-8036-22191ffc1c44,Drew Brees,QB,REG,2014,0,0,7,3,0,0,0,0,4,0,-22,New Orleans,Saints
1554866202,15,15,bb5957e6-ce7d-47ab-8036-22191ffc1c44,Drew Brees,QB,REG,2015,0,0,5,2,0,0,0,0,2,0,0,New Orleans,Saints
1554866202,16,16,bb5957e6-ce7d-47ab-8036-22191ffc1c44,Drew Brees,QB,REG,2016,0,0,5,4,0,0,0,0,1,0,0,New Orleans,Saints
1554866202,2,2,bb5957e6-ce7d-47ab-8036-22191ffc1c44,Drew Brees,QB,PST,2017,0,0,1,0,0,0,0,0,0,0,0,New Orleans,Saints
1554866202,16,16,bb5957e6-ce7d-47ab-8036-22191ffc1c44,Drew Brees,QB,REG,2017,0,0,5,0,0,0,0,0,3,0,-12,New Orleans,Saints
1554866202,2,2,bb5957e6-ce7d-47ab-8036-22191ffc1c44,Drew Brees,QB,PST,2018,0,0,2,0,0,0,0,0,1,0,-4,New Orleans,Saints
1554866202,15,15,bb5957e6-ce7d-47ab-8036-22191ffc1c44,Drew Brees,QB,REG,2018,0,0,5,1,0,0,0,0,4,0,0,New Orleans,Saints
1554866202,6,5,20170818-32ab-4892-987e-ea75efcd8c4f,T.J. Yates,QB,REG,2011,0,0,5,3,0,0,0,0,1,0,-5,Houston,Texans
1554866202,4,0,20170818-32ab-4892-987e-ea75efcd8c4f,T.J. Yates,QB,REG,2012,0,0,2,1,0,0,0,0,1,0,0,Houston,Texans
1554866202,3,0,20170818-32ab-4892-987e-ea75efcd8c4f,T.J. Yates,QB,REG,2013,0,0,1,0,0,0,0,0,1,0,0,Houston,Texans
1554866202,4,2,20170818-32ab-4892-987e-ea75efcd8c4f,T.J. Yates,QB,REG,2015,0,0,1,1,0,0,0,0,0,0,0,Houston,Texans
1554866202,4,3,20170818-32ab-4892-987e-ea75efcd8c4f,T.J. Yates,QB,REG,2017,0,0,5,1,0,0,0,0,3,0,0,Houston,Texans
1554866202,1,1,7e648a0b-fdc8-4661-a587-5826f2cac11b,Matt Ryan,QB,PST,2008,0,0,1,0,0,0,0,0,0,0,-3,Atlanta,Falcons
1554866202,16,16,7e648a0b-fdc8-4661-a587-5826f2cac11b,Matt Ryan,QB,REG,2008,0,0,6,0,0,0,0,1,2,0,-13,Atlanta,Falcons
1554866202,14,14,7e648a0b-fdc8-4661-a587-5826f2cac11b,Matt Ryan,QB,REG,2009,0,0,5,2,0,0,0,0,2,0,0,Atlanta,Falcons
1554866202,1,1,7e648a0b-fdc8-4661-a587-5826f2cac11b,Matt Ryan,QB,PST,2010,0,0,1,1,0,0,0,0,0,0,-1,Atlanta,Falcons
1554866202,16,16,7e648a0b-fdc8-4661-a587-5826f2cac11b,Matt Ryan,QB,REG,2010,0,0,4,3,0,0,0,0,0,0,0,Atlanta,Falcons
1554866202,16,16,7e648a0b-fdc8-4661-a587-5826f2cac11b,Matt Ryan,QB,REG,2011,0,0,5,3,0,0,0,0,2,0,0,Atlanta,Falcons
1554866202,2,2,7e648a0b-fdc8-4661-a587-5826f2cac11b,Matt Ryan,QB,PST,2012,0,0,1,1,0,0,0,0,0,0,-9,Atlanta,Falcons
1554866202,16,16,7e648a0b-fdc8-4661-a587-5826f2cac11b,Matt Ryan,QB,REG,2012,0,0,3,2,0,0,0,0,0,0,-2,Atlanta,Falcons
1554866202,16,16,7e648a0b-fdc8-4661-a587-5826f2cac11b,Matt Ryan,QB,REG,2013,0,0,5,4,0,0,0,0,1,0,-2,Atlanta,Falcons
1554866202,16,16,7e648a0b-fdc8-4661-a587-5826f2cac11b,Matt Ryan,QB,REG,2014,0,0,5,2,0,0,0,0,0,0,-3,Atlanta,Falcons
1554866202,16,16,7e648a0b-fdc8-4661-a587-5826f2cac11b,Matt Ryan,QB,REG,2015,0,0,12,5,0,0,0,0,4,0,-24,Atlanta,Falcons
1554866202,3,3,7e648a0b-fdc8-4661-a587-5826f2cac11b,Matt Ryan,QB,PST,2016,0,0,3,1,0,0,0,0,2,0,-3,Atlanta,Falcons
1554866202,16,16,7e648a0b-fdc8-4661-a587-5826f2cac11b,Matt Ryan,QB,REG,2016,0,0,4,2,0,0,0,0,2,0,-3,Atlanta,Falcons
1554866202,16,16,7e648a0b-fdc8-4661-a587-5826f2cac11b,Matt Ryan,QB,REG,2017,0,0,4,3,0,0,0,0,1,0,-4,Atlanta,Falcons
1554866202,16,16,7e648a0b-fdc8-4661-a587-5826f2cac11b,Matt Ryan,QB,REG,2018,0,0,10,5,0,0,0,0,2,0,0,Atlanta,Falcons
1554866202,2,0,a261fd0a-b096-4db7-bd51-2f13bde485da,Josh McCown,QB,REG,2002,0,0,1,1,0,0,0,0,0,0,0,Arizona,Cardinals
1554866202,10,3,a261fd0a-b096-4db7-bd51-2f13bde485da,Josh McCown,QB,REG,2003,0,0,10,2,0,0,0,0,4,0,-12,Arizona,Cardinals
1554866202,14,13,a261fd0a-b096-4db7-bd51-2f13bde485da,Josh McCown,QB,REG,2004,0,0,12,5,0,0,0,0,2,0,0,Arizona,Cardinals
1554866202,9,6,a261fd0a-b096-4db7-bd51-2f13bde485da,Josh McCown,QB,REG,2005,0,0,5,0,0,0,0,0,0,0,0,Arizona,Cardinals
1554866202,9,9,a261fd0a-b096-4db7-bd51-2f13bde485da,Josh McCown,QB,REG,2007,0,0,11,0,0,0,0,1,3,0,0,Oakland,Raiders
1554866202,3,2,a261fd0a-b096-4db7-bd51-2f13bde485da,Josh McCown,QB,REG,2011,0,0,2,0,0,0,0,0,2,0,0,Chicago,Bears
1554866202,8,5,a261fd0a-b096-4db7-bd51-2f13bde485da,Josh McCown,QB,REG,2013,0,0,3,1,0,0,0,0,2,0,0,Chicago,Bears
1554866202,11,11,a261fd0a-b096-4db7-bd51-2f13bde485da,Josh McCown,QB,REG,2014,0,0,10,4,0,0,0,0,5,0,-3,Tampa Bay,Buccaneers
1554866202,8,8,a261fd0a-b096-4db7-bd51-2f13bde485da,Josh McCown,QB,REG,2015,0,0,9,6,0,0,0,0,0,0,-4,Cleveland,Browns
1554866202,5,3,a261fd0a-b096-4db7-bd51-2f13bde485da,Josh McCown,QB,REG,2016,0,0,7,4,0,0,0,1,2,0,-7,Cleveland,Browns
1554866202,13,13,a261fd0a-b096-4db7-bd51-2f13bde485da,Josh McCown,QB,REG,2017,0,0,11,4,0,0,0,0,6,0,-8,New York,Jets
1554866202,13,13,e1235f1e-26ce-438c-8168-3b1ded4ab893,Mike Glennon,QB,REG,2013,0,0,7,4,0,0,0,0,3,0,-16,Tampa Bay,Buccaneers
1554866202,6,5,e1235f1e-26ce-438c-8168-3b1ded4ab893,Mike Glennon,QB,REG,2014,0,0,2,0,0,0,0,0,3,0,-8,Tampa Bay,Buccaneers
1554866202,4,4,e1235f1e-26ce-438c-8168-3b1ded4ab893,Mike Glennon,QB,REG,2017,0,0,5,3,0,0,0,0,3,0,-1,Chicago,Bears
1554866202,2,2,409d4cac-ee90-4470-9710-ebe671678339,Russell Wilson,QB,PST,2012,0,0,1,0,0,0,0,0,0,0,0,Seattle,Seahawks
1554866202,16,16,409d4cac-ee90-4470-9710-ebe671678339,Russell Wilson,QB,REG,2012,0,0,6,3,0,0,0,1,3,0,-9,Seattle,Seahawks
1554866202,3,3,409d4cac-ee90-4470-9710-ebe671678339,Russell Wilson,QB,PST,2013,0,0,2,1,0,0,0,0,0,0,-11,Seattle,Seahawks
1554866202,16,16,409d4cac-ee90-4470-9710-ebe671678339,Russell Wilson,QB,REG,2013,0,0,10,5,1,0,0,1,4,0,-4,Seattle,Seahawks
1554866202,3,3,409d4cac-ee90-4470-9710-ebe671678339,Russell Wilson,QB,PST,2014,0,0,2,0,0,0,0,0,3,0,-7,Seattle,Seahawks
1554866202,16,16,409d4cac-ee90-4470-9710-ebe671678339,Russell Wilson,QB,REG,2014,0,0,11,0,0,0,0,0,6,0,-4,Seattle,Seahawks
1554866202,2,2,409d4cac-ee90-4470-9710-ebe671678339,Russell Wilson,QB,PST,2015,0,0,1,0,0,0,0,0,1,0,0,Seattle,Seahawks
1554866202,16,16,409d4cac-ee90-4470-9710-ebe671678339,Russell Wilson,QB,REG,2015,0,0,7,3,0,0,0,2,2,0,-3,Seattle,Seahawks
1554866202,16,16,409d4cac-ee90-4470-9710-ebe671678339,Russell Wilson,QB,REG,2016,0,0,8,2,0,0,0,1,4,0,-7,Seattle,Seahawks
1554866202,16,16,409d4cac-ee90-4470-9710-ebe671678339,Russell Wilson,QB,REG,2017,0,1,14,3,0,0,0,2,6,0,-11,Seattle,Seahawks
1554866202,16,16,409d4cac-ee90-4470-9710-ebe671678339,Russell Wilson,QB,REG,2018,0,0,10,2,0,0,0,0,4,0,-17,Seattle,Seahawks
1554866202,4,2,41d6830d-9512-4f40-bd74-2125b2f84416,Tarvaris Jackson,QB,REG,2006,0,0,4,0,0,0,0,0,1,0,0,Minnesota,Vikings
1554866202,12,12,41d6830d-9512-4f40-bd74-2125b2f84416,Tarvaris Jackson,QB,REG,2007,0,0,5,0,0,0,0,0,0,0,-12,Minnesota,Vikings
1554866202,1,1,41d6830d-9512-4f40-bd74-2125b2f84416,Tarvaris Jackson,QB,PST,2008,0,0,1,0,0,0,0,0,1,0,0,Minnesota,Vikings
1554866202,9,5,41d6830d-9512-4f40-bd74-2125b2f84416,Tarvaris Jackson,QB,REG,2008,0,0,5,1,0,0,0,0,1,0,-9,Minnesota,Vikings
1554866202,3,1,41d6830d-9512-4f40-bd74-2125b2f84416,Tarvaris Jackson,QB,REG,2010,0,0,1,0,0,0,0,0,2,0,-15,Minnesota,Vikings
1554866202,15,14,41d6830d-9512-4f40-bd74-2125b2f84416,Tarvaris Jackson,QB,REG,2011,0,0,9,5,0,0,0,0,4,0,-8,Seattle,Seahawks
1554866202,3,1,22fb2b54-4936-4e8a-a48d-62096c0c9bb1,Drew Stanton,QB,REG,2009,0,0,1,1,0,0,0,0,0,0,0,Detroit,Lions
1554866202,6,3,22fb2b54-4936-4e8a-a48d-62096c0c9bb1,Drew Stanton,QB,REG,2010,0,0,3,1,0,0,0,0,1,0,0,Detroit,Lions
1554866202,9,8,22fb2b54-4936-4e8a-a48d-62096c0c9bb1,Drew Stanton,QB,REG,2014,0,0,1,0,0,0,0,0,0,0,0,Arizona,Cardinals
1554866202,5,4,22fb2b54-4936-4e8a-a48d-62096c0c9bb1,Drew Stanton,QB,REG,2017,0,0,3,0,0,0,0,0,0,0,0,Arizona,Cardinals
1554866202,13,13,57ad34b3-f60d-4b2d-9e01-3cb5a9451c37,Carson Palmer,QB,REG,2004,0,0,2,2,0,0,0,0,0,0,0,Cincinnati,Bengals
1554866202,16,16,57ad34b3-f60d-4b2d-9e01-3cb5a9451c37,Carson Palmer,QB,REG,2005,0,0,5,0,0,0,0,0,1,0,-2,Cincinnati,Bengals
1554866202,16,16,57ad34b3-f60d-4b2d-9e01-3cb5a9451c37,Carson Palmer,QB,REG,2006,0,0,15,0,0,0,0,0,2,0,-9,Cincinnati,Bengals
1554866202,16,16,57ad34b3-f60d-4b2d-9e01-3cb5a9451c37,Carson Palmer,QB,REG,2007,0,0,5,0,0,0,0,0,2,0,-1,Cincinnati,Bengals
1554866202,4,4,57ad34b3-f60d-4b2d-9e01-3cb5a9451c37,Carson Palmer,QB,REG,2008,0,0,2,0,0,0,0,0,1,0,0,Cincinnati,Bengals
1554866202,1,1,57ad34b3-f60d-4b2d-9e01-3cb5a9451c37,Carson Palmer,QB,PST,2009,0,0,1,0,0,0,0,0,0,0,0,Cincinnati,Bengals
1554866202,16,16,57ad34b3-f60d-4b2d-9e01-3cb5a9451c37,Carson Palmer,QB,REG,2009,0,0,6,2,0,0,0,0,2,0,-12,Cincinnati,Bengals
1554866202,16,16,57ad34b3-f60d-4b2d-9e01-3cb5a9451c37,Carson Palmer,QB,REG,2010,0,0,7,3,0,0,0,0,3,0,-5,Cincinnati,Bengals
1554866202,10,9,57ad34b3-f60d-4b2d-9e01-3cb5a9451c37,Carson Palmer,QB,REG,2011,0,0,2,1,0,0,0,0,1,0,-1,Oakland,Raiders
1554866202,15,15,57ad34b3-f60d-4b2d-9e01-3cb5a9451c37,Carson Palmer,QB,REG,2012,0,0,7,5,0,0,0,0,2,0,-3,Oakland,Raiders
1554866202,16,16,57ad34b3-f60d-4b2d-9e01-3cb5a9451c37,Carson Palmer,QB,REG,2013,0,0,6,3,0,0,0,1,1,0,0,Arizona,Cardinals
1554866202,6,6,57ad34b3-f60d-4b2d-9e01-3cb5a9451c37,Carson Palmer,QB,REG,2014,0,0,3,1,0,0,0,0,2,0,0,Arizona,Cardinals
1554866202,2,2,57ad34b3-f60d-4b2d-9e01-3cb5a9451c37,Carson Palmer,QB,PST,2015,0,0,3,2,0,0,0,0,1,0,0,Arizona,Cardinals
1554866202,16,16,57ad34b3-f60d-4b2d-9e01-3cb5a9451c37,Carson Palmer,QB,REG,2015,0,0,6,2,0,0,0,0,1,0,-7,Arizona,Cardinals
1554866202,15,15,57ad34b3-f60d-4b2d-9e01-3cb5a9451c37,Carson Palmer,QB,REG,2016,0,0,14,4,0,0,0,0,6,0,-21,Arizona,Cardinals
1554866202,7,7,57ad34b3-f60d-4b2d-9e01-3cb5a9451c37,Carson Palmer,QB,REG,2017,0,0,2,0,0,0,0,0,2,0,-2,Arizona,Cardinals
1554866202,6,4,a432666c-9ffd-4094-9071-a9d49d0e20c1,Ryan Lindley,QB,REG,2012,0,0,3,2,0,0,0,0,1,0,-10,Arizona,Cardinals
1554866202,1,1,a432666c-9ffd-4094-9071-a9d49d0e20c1,Ryan Lindley,QB,PST,2014,0,0,1,0,0,0,0,0,1,0,0,Arizona,Cardinals
1554866202,3,2,a432666c-9ffd-4094-9071-a9d49d0e20c1,Ryan Lindley,QB,REG,2014,0,0,1,0,0,0,0,0,1,0,0,Arizona,Cardinals
1554866202,3,3,068b70bc-9558-4e99-b729-754fd28937ed,Colin Kaepernick,QB,PST,2012,0,0,1,0,0,0,0,0,1,0,-3,San Francisco,49ers
1554866202,13,7,068b70bc-9558-4e99-b729-754fd28937ed,Colin Kaepernick,QB,REG,2012,0,0,9,2,0,0,0,0,2,0,-22,San Francisco,49ers
1554866202,3,3,068b70bc-9558-4e99-b729-754fd28937ed,Colin Kaepernick,QB,PST,2013,0,0,3,1,0,0,0,0,0,0,-2,San Francisco,49ers
1554866202,16,16,068b70bc-9558-4e99-b729-754fd28937ed,Colin Kaepernick,QB,REG,2013,0,0,6,4,0,0,0,0,2,0,-2,San Francisco,49ers
1554866202,16,16,068b70bc-9558-4e99-b729-754fd28937ed,Colin Kaepernick,QB,REG,2014,0,0,8,5,0,0,0,0,3,0,-6,San Francisco,49ers
1554866202,9,8,068b70bc-9558-4e99-b729-754fd28937ed,Colin Kaepernick,QB,REG,2015,0,0,5,1,0,0,0,1,2,0,-3,San Francisco,49ers
1554866202,12,11,068b70bc-9558-4e99-b729-754fd28937ed,Colin Kaepernick,QB,REG,2016,0,0,9,3,0,0,0,0,3,0,-4,San Francisco,49ers
1554866202,6,4,73e133bf-d3f7-4fda-bd25-2fde66cb8ee1,Josh Johnson,QB,REG,2009,0,0,7,1,0,0,0,0,3,0,-3,Tampa Bay,Buccaneers
1554866202,9,1,73e133bf-d3f7-4fda-bd25-2fde66cb8ee1,Josh Johnson,QB,REG,2011,0,0,1,1,0,0,0,0,0,0,0,Tampa Bay,Buccaneers
1554866202,1,0,73e133bf-d3f7-4fda-bd25-2fde66cb8ee1,Josh Johnson,QB,REG,2012,0,0,1,1,0,0,0,0,0,0,0,Cleveland,Browns
1554866202,2,0,73e133bf-d3f7-4fda-bd25-2fde66cb8ee1,Josh Johnson,QB,REG,2013,0,0,1,0,0,0,0,0,1,0,0,Cincinnati,Bengals
1554866202,4,3,73e133bf-d3f7-4fda-bd25-2fde66cb8ee1,Josh Johnson,QB,REG,2018,0,0,2,0,0,0,0,0,0,0,0,Washington,Redskins
1554866202,15,14,de816e24-8442-49a4-99cd-dde7e7c05863,Blaine Gabbert,QB,REG,2011,0,0,14,5,0,0,0,1,3,0,-39,Jacksonville,Jaguars
1554866202,10,10,de816e24-8442-49a4-99cd-dde7e7c05863,Blaine Gabbert,QB,REG,2012,0,0,5,3,0,0,0,0,1,0,0,Jacksonville,Jaguars
1554866202,3,3,de816e24-8442-49a4-99cd-dde7e7c05863,Blaine Gabbert,QB,REG,2013,0,0,2,0,0,0,0,0,0,0,0,Jacksonville,Jaguars
1554866202,8,8,de816e24-8442-49a4-99cd-dde7e7c05863,Blaine Gabbert,QB,REG,2015,0,0,4,1,0,0,0,0,1,0,-15,San Francisco,49ers
1554866202,5,5,de816e24-8442-49a4-99cd-dde7e7c05863,Blaine Gabbert,QB,REG,2017,0,0,7,2,0,0,0,0,3,0,-4,Arizona,Cardinals
1554866202,3,2,52b14c80-ffc5-4fd6-9a32-d07b261f0841,Shaun Hill,QB,REG,2007,0,0,3,0,0,0,0,0,2,0,0,San Francisco,49ers
1554866202,9,8,52b14c80-ffc5-4fd6-9a32-d07b261f0841,Shaun Hill,QB,REG,2008,0,0,8,0,0,0,0,0,3,0,-13,San Francisco,49ers
1554866202,6,6,52b14c80-ffc5-4fd6-9a32-d07b261f0841,Shaun Hill,QB,REG,2009,0,0,3,1,0,0,0,0,0,0,0,San Francisco,49ers
1554866202,11,10,52b14c80-ffc5-4fd6-9a32-d07b261f0841,Shaun Hill,QB,REG,2010,0,0,3,1,0,0,0,0,1,0,-2,Detroit,Lions
1554866202,9,8,52b14c80-ffc5-4fd6-9a32-d07b261f0841,Shaun Hill,QB,REG,2014,0,0,7,1,0,0,0,0,4,0,-5,St. Louis,Rams
1554866202,10,8,fa8cfe11-018a-4d4c-9588-c86cab0415c0,Austin Davis,QB,REG,2014,0,0,5,3,0,0,0,0,2,0,-6,St. Louis,Rams
1554866202,3,2,fa8cfe11-018a-4d4c-9588-c86cab0415c0,Austin Davis,QB,REG,2015,0,0,2,2,0,0,0,0,0,0,0,Cleveland,Browns
1554866202,6,4,609ab653-c3d4-4138-a2d9-c697a34174ad,Bryce Petty,QB,REG,2016,0,0,1,1,0,0,0,0,1,0,0,New York,Jets
1554866202,4,3,609ab653-c3d4-4138-a2d9-c697a34174ad,Bryce Petty,QB,REG,2017,0,0,1,0,0,0,0,0,0,0,0,New York,Jets
1554866202,12,12,7c16c04c-04de-41f3-ac16-ad6a9435e3f7,Marcus Mariota,QB,REG,2015,0,0,10,6,0,0,0,0,3,0,-10,Tennessee,Titans
1554866202,15,15,7c16c04c-04de-41f3-ac16-ad6a9435e3f7,Marcus Mariota,QB,REG,2016,0,0,9,5,0,0,0,0,2,0,-22,Tennessee,Titans
1554866202,15,15,7c16c04c-04de-41f3-ac16-ad6a9435e3f7,Marcus Mariota,QB,REG,2017,0,0,2,1,0,0,0,0,1,0,-7,Tennessee,Titans
1554866202,14,13,7c16c04c-04de-41f3-ac16-ad6a9435e3f7,Marcus Mariota,QB,REG,2018,0,0,9,2,0,0,0,1,2,0,-12,Tennessee,Titans
1554866202,10,9,8c7cd76d-74a0-4440-885a-07f92f9a75d7,Josh Freeman,QB,REG,2009,0,0,10,2,0,0,0,0,6,0,-14,Tampa Bay,Buccaneers
1554866202,16,16,8c7cd76d-74a0-4440-885a-07f92f9a75d7,Josh Freeman,QB,REG,2010,0,0,8,3,0,0,0,0,5,0,0,Tampa Bay,Buccaneers
1554866202,15,15,8c7cd76d-74a0-4440-885a-07f92f9a75d7,Josh Freeman,QB,REG,2011,0,0,9,5,0,0,0,0,2,0,-13,Tampa Bay,Buccaneers
1554866202,16,16,8c7cd76d-74a0-4440-885a-07f92f9a75d7,Josh Freeman,QB,REG,2012,0,0,10,2,0,0,0,1,1,0,-12,Tampa Bay,Buccaneers
1554866202,14,14,e23dc743-ecee-4cf3-a263-69d3da3bae94,Trevor Siemian,QB,REG,2016,0,0,4,2,0,0,0,0,0,0,-1,Denver,Broncos
1554866202,11,10,e23dc743-ecee-4cf3-a263-69d3da3bae94,Trevor Siemian,QB,REG,2017,0,0,5,2,0,0,0,1,1,0,0,Denver,Broncos
1554866202,16,16,cc3640b0-7560-431f-84ab-599e9dc8cac6,Sam Bradford,QB,REG,2010,0,0,7,2,0,0,0,0,3,0,-2,St. Louis,Rams
1554866202,10,10,cc3640b0-7560-431f-84ab-599e9dc8cac6,Sam Bradford,QB,REG,2011,0,0,10,7,0,0,0,1,2,0,-26,St. Louis,Rams
1554866202,16,16,cc3640b0-7560-431f-84ab-599e9dc8cac6,Sam Bradford,QB,REG,2012,0,0,7,1,0,0,0,0,3,0,-1,St. Louis,Rams
1554866202,7,7,cc3640b0-7560-431f-84ab-599e9dc8cac6,Sam Bradford,QB,REG,2013,0,0,3,1,0,0,0,0,1,0,0,St. Louis,Rams
1554866202,14,14,cc3640b0-7560-431f-84ab-599e9dc8cac6,Sam Bradford,QB,REG,2015,0,0,10,3,0,0,0,0,4,0,-35,Philadelphia,Eagles
1554866202,15,15,cc3640b0-7560-431f-84ab-599e9dc8cac6,Sam Bradford,QB,REG,2016,0,0,10,5,0,0,0,0,3,0,-6,Minnesota,Vikings
1554866202,3,3,cc3640b0-7560-431f-84ab-599e9dc8cac6,Sam Bradford,QB,REG,2018,0,0,3,2,0,0,0,0,0,0,0,Arizona,Cardinals
1554866202,4,0,e97f5ca9-186e-4346-ae65-1cd757ada455,Brett Hundley,QB,REG,2016,0,0,1,0,0,0,0,0,1,0,-1,Green Bay,Packers
1554866202,11,9,e97f5ca9-186e-4346-ae65-1cd757ada455,Brett Hundley,QB,REG,2017,0,0,4,2,0,0,0,0,1,0,0,Green Bay,Packers
1554866202,6,1,2c259733-ec2c-4e3c-bb7b-34dc0d37dc34,Taylor Heinicke,QB,REG,2018,0,0,1,0,0,0,0,0,1,0,0,Carolina,Panthers
1554866202,16,16,fb3b36fc-b985-4807-8199-d038d7e62a93,Jameis Winston,QB,REG,2015,0,0,6,2,0,0,0,0,4,0,-8,Tampa Bay,Buccaneers
1554866202,16,16,fb3b36fc-b985-4807-8199-d038d7e62a93,Jameis Winston,QB,REG,2016,0,0,10,6,0,0,0,0,3,0,-21,Tampa Bay,Buccaneers
1554866202,13,13,fb3b36fc-b985-4807-8199-d038d7e62a93,Jameis Winston,QB,REG,2017,0,0,15,7,0,0,0,0,7,0,-9,Tampa Bay,Buccaneers
1554866202,11,9,fb3b36fc-b985-4807-8199-d038d7e62a93,Jameis Winston,QB,REG,2018,0,0,7,3,0,0,0,0,2,0,-18,Tampa Bay,Buccaneers
1554866202,1,0,91ead748-e3b0-4926-bd3b-3e327b44e6bc,Sean Mannion,QB,REG,2016,0,0,1,0,0,0,0,0,0,0,0,Los Angeles,Rams
1554866202,5,1,91ead748-e3b0-4926-bd3b-3e327b44e6bc,Sean Mannion,QB,REG,2017,0,0,2,1,0,0,0,0,0,0,0,Los Angeles,Rams
1554866202,3,2,ad2258ab-67f0-41c2-bcf3-f3ba145187dc,Jacoby Brissett,QB,REG,2016,0,0,3,1,0,0,0,0,1,0,0,New England,Patriots
1554866202,16,15,ad2258ab-67f0-41c2-bcf3-f3ba145187dc,Jacoby Brissett,QB,REG,2017,0,0,8,3,0,0,0,0,5,0,-13,Indianapolis,Colts
1554866202,9,5,4d517d8f-fe4d-4c89-9a2a-fee836ba4a71,Jeff Driskel,QB,REG,2018,0,0,4,1,0,0,0,0,2,0,0,Cincinnati,Bengals
1554866202,9,8,573f7acc-376b-4f37-8039-5c4c15c4a508,Cody Kessler,QB,REG,2016,0,0,4,1,0,0,0,1,2,0,-12,Cleveland,Browns
1554866202,5,4,573f7acc-376b-4f37-8039-5c4c15c4a508,Cody Kessler,QB,REG,2018,0,0,5,3,0,0,0,0,1,0,0,Jacksonville,Jaguars
1554866202,4,1,cd571cfc-9b44-4b69-a801-431db9aaa85e,Kevin Hogan,QB,REG,2017,0,0,1,0,0,0,0,0,0,0,0,Cleveland,Browns
1554866202,1,0,b13ba4c3-5761-40fb-aa6a-935f09c39a6b,Tyler Bray,QB,REG,2017,0,0,1,1,0,0,0,0,0,0,-4,Kansas City,Chiefs
1554866202,1,0,f1ec6243-aaca-4237-85fb-9699bc90aa09,Connor Cook,QB,REG,2016,0,0,2,1,0,0,0,0,0,0,0,Oakland,Raiders
1554866202,3,2,19e253df-b121-43e4-a222-6df5fa8ad93f,Paxton Lynch,QB,REG,2016,0,0,2,0,0,0,0,0,1,0,0,Denver,Broncos
1554866202,2,2,19e253df-b121-43e4-a222-6df5fa8ad93f,Paxton Lynch,QB,REG,2017,0,0,2,1,0,0,0,0,1,0,0,Denver,Broncos
1554866202,16,16,86197778-8d4b-4eba-affe-08ef7be7c70b,Dak Prescott,QB,REG,2016,0,0,9,4,0,0,0,0,3,0,-3,Dallas,Cowboys
1554866202,16,16,86197778-8d4b-4eba-affe-08ef7be7c70b,Dak Prescott,QB,REG,2017,0,0,4,3,0,0,0,0,1,0,0,Dallas,Cowboys
1554866202,16,16,86197778-8d4b-4eba-affe-08ef7be7c70b,Dak Prescott,QB,REG,2018,0,0,12,6,0,0,0,1,7,0,0,Dallas,Cowboys
1554866202,1,0,e1c506bd-9e36-45e7-b2b9-fff6a9728a06,Nate Sudfeld,QB,REG,2017,0,0,0,0,0,0,-6,0,0,0,0,Philadelphia,Eagles
1554866202,16,16,e9a5c16b-4472-4be9-8030-3f77be7890cb,Carson Wentz,QB,REG,2016,0,0,14,3,0,0,0,1,7,0,-29,Philadelphia,Eagles
1554866202,13,13,e9a5c16b-4472-4be9-8030-3f77be7890cb,Carson Wentz,QB,REG,2017,0,0,9,3,0,0,0,1,4,0,-23,Philadelphia,Eagles
1554866202,11,11,e9a5c16b-4472-4be9-8030-3f77be7890cb,Carson Wentz,QB,REG,2018,0,0,9,6,0,0,0,0,5,0,0,Philadelphia,Eagles
1554866202,5,0,648a6a76-32c3-45fa-b158-f77de2a9a95f,Trevone Boykin,QB,REG,2016,0,0,1,0,0,0,0,0,1,0,0,Seattle,Seahawks
1554866202,7,7,aba8f925-ffbf-4654-bfa7-a25d3d237494,Jared Goff,QB,REG,2016,0,0,5,2,0,0,0,1,1,0,0,Los Angeles,Rams
1554866202,15,15,aba8f925-ffbf-4654-bfa7-a25d3d237494,Jared Goff,QB,REG,2017,0,0,8,3,0,0,0,0,0,0,0,Los Angeles,Rams
1554866202,3,3,aba8f925-ffbf-4654-bfa7-a25d3d237494,Jared Goff,QB,PST,2018,0,0,2,0,0,0,0,0,2,0,-6,Los Angeles,Rams
1554866202,16,16,aba8f925-ffbf-4654-bfa7-a25d3d237494,Jared Goff,QB,REG,2018,0,0,12,5,0,0,0,0,3,0,-13,Los Angeles,Rams
1554866202,1,0,4e4ba1f9-35c6-4e41-85f5-d8f12d32f459,Nathan Peterman,QB,PST,2017,0,0,1,0,0,0,0,1,0,0,0,Buffalo,Bills
1554866202,4,2,4e4ba1f9-35c6-4e41-85f5-d8f12d32f459,Nathan Peterman,QB,REG,2017,0,0,2,0,0,0,0,0,2,0,-6,Buffalo,Bills
1554866202,15,15,2a78e2e7-4ef3-4cdd-85e8-0d254b65143e,DeShone Kizer,QB,REG,2017,0,0,9,6,0,0,0,0,2,0,-11,Cleveland,Browns
1554866202,3,0,2a78e2e7-4ef3-4cdd-85e8-0d254b65143e,DeShone Kizer,QB,REG,2018,0,0,1,1,0,0,0,0,0,0,0,Green Bay,Packers
1554866202,7,6,eec5265c-7731-4bb6-8af2-4f98a67f9ab7,Deshaun Watson,QB,REG,2017,0,0,3,1,0,0,0,1,0,0,0,Houston,Texans
1554866202,16,16,eec5265c-7731-4bb6-8af2-4f98a67f9ab7,Deshaun Watson,QB,REG,2018,0,0,9,3,0,0,0,1,3,0,-25,Houston,Texans
1554866202,1,1,11cad59d-90dd-449c-a839-dddaba4fe16c,Patrick Mahomes II,QB,REG,2017,0,0,0,0,0,0,0,0,1,0,0,Kansas City,Chiefs
1554866202,2,2,11cad59d-90dd-449c-a839-dddaba4fe16c,Patrick Mahomes II,QB,PST,2018,0,0,2,0,0,0,0,0,2,0,-7,Kansas City,Chiefs
1554866202,16,16,11cad59d-90dd-449c-a839-dddaba4fe16c,Patrick Mahomes II,QB,REG,2018,0,0,9,2,0,0,0,0,5,0,-4,Kansas City,Chiefs
1554866202,12,12,7a1b8f1a-9024-4897-86b0-01c63e00305e,Mitchell Trubisky,QB,REG,2017,0,0,10,3,0,0,0,0,6,0,-13,Chicago,Bears
1554866202,14,14,7a1b8f1a-9024-4897-86b0-01c63e00305e,Mitchell Trubisky,QB,REG,2018,0,0,6,3,0,0,0,0,1,0,-8,Chicago,Bears
1554866202,2,0,3c8a55dd-20a8-4375-b711-49eb5e6e1d0e,Taysom Hill,QB,PST,2018,0,0,1,0,0,0,0,0,0,0,0,New Orleans,Saints
1554866202,16,4,3c8a55dd-20a8-4375-b711-49eb5e6e1d0e,Taysom Hill,QB,REG,2018,0,0,1,1,0,0,0,0,0,0,-2,New Orleans,Saints
1554866202,7,5,6608fdbf-6c93-47cc-ad44-9da2fda598ce,C.J. Beathard,QB,REG,2017,0,0,3,2,0,0,0,0,1,0,0,San Francisco,49ers
1554866202,6,5,6608fdbf-6c93-47cc-ad44-9da2fda598ce,C.J. Beathard,QB,REG,2018,0,0,5,3,0,0,0,0,2,0,-4,San Francisco,49ers
1554866202,12,11,3069db07-aa43-4503-ab11-2ae5c0002721,Josh Allen,QB,REG,2018,0,0,8,2,0,0,0,1,2,0,-14,Buffalo,Bills
1554866202,13,13,13d826c5-9b22-4e0a-a877-02d8c84c546b,Sam Darnold,QB,REG,2018,0,0,5,2,0,0,0,0,2,0,-11,New York,Jets
1554866202,1,1,e06a9c07-453a-4bb0-a7e9-2c3a64166dad,Lamar Jackson,QB,PST,2018,0,0,3,1,0,0,0,0,1,0,-14,Baltimore,Ravens
1554866202,16,7,e06a9c07-453a-4bb0-a7e9-2c3a64166dad,Lamar Jackson,QB,REG,2018,0,1,12,4,0,0,0,0,5,0,-21,Baltimore,Ravens
1554866202,14,13,30198d30-9769-4e10-ac86-b4c91d940802,Baker Mayfield,QB,REG,2018,0,0,7,3,0,0,0,1,2,0,0,Cleveland,Browns
1554866202,8,8,7738fea8-7ea2-4c4c-b589-bca90b070819,Nick Mullens,QB,REG,2018,0,0,2,0,0,0,0,0,1,0,-2,San Francisco,49ers
1554866202,14,13,5c079a21-ae9e-4b38-a69a-47706fa8dd67,Josh Rosen,QB,REG,2018,0,0,10,5,0,0,0,1,7,0,-5,Arizona,Cardinals
