_timestamp,games_played,games_started,player_id,player_name,position,season_type,season_year,stat_penalties,stat_yards,team_market,team_name
1554562310,16,16,41c44740-d0f6-44ab-8347-3b5d515e5ecf,Tom Brady,QB,REG,2018,1,10,New England,Patriots
1554562310,16,16,41c44740-d0f6-44ab-8347-3b5d515e5ecf,Tom Brady,QB,REG,2018,1,10,New England,Patriots
1554562310,16,16,41c44740-d0f6-44ab-8347-3b5d515e5ecf,Tom Brady,QB,REG,2018,1,10,New England,Patriots
1554562310,16,16,41c44740-d0f6-44ab-8347-3b5d515e5ecf,Tom Brady,QB,REG,2018,1,10,New England,Patriots
1554562310,16,16,41c44740-d0f6-44ab-8347-3b5d515e5ecf,Tom Brady,QB,REG,2018,1,10,New England,Patriots
1554562310,16,16,41c44740-d0f6-44ab-8347-3b5d515e5ecf,Tom Brady,QB,REG,2018,1,10,New England,Patriots
1554562310,16,16,41c44740-d0f6-44ab-8347-3b5d515e5ecf,Tom Brady,QB,REG,2018,1,10,New England,Patriots
1554562310,16,16,41c44740-d0f6-44ab-8347-3b5d515e5ecf,Tom Brady,QB,REG,2018,1,10,New England,Patriots
1554562310,16,16,41c44740-d0f6-44ab-8347-3b5d515e5ecf,Tom Brady,QB,REG,2018,1,10,New England,Patriots
1554562310,16,16,41c44740-d0f6-44ab-8347-3b5d515e5ecf,Tom Brady,QB,REG,2018,1,10,New England,Patriots
1554562310,16,16,41c44740-d0f6-44ab-8347-3b5d515e5ecf,Tom Brady,QB,REG,2018,1,10,New England,Patriots
1554562310,16,16,41c44740-d0f6-44ab-8347-3b5d515e5ecf,Tom Brady,QB,REG,2018,1,10,New England,Patriots
1554562310,16,16,41c44740-d0f6-44ab-8347-3b5d515e5ecf,Tom Brady,QB,REG,2018,1,10,New England,Patriots
1554562310,16,16,41c44740-d0f6-44ab-8347-3b5d515e5ecf,Tom Brady,QB,REG,2018,1,10,New England,Patriots
1554562310,16,16,41c44740-d0f6-44ab-8347-3b5d515e5ecf,Tom Brady,QB,REG,2018,1,10,New England,Patriots
1554562310,16,16,41c44740-d0f6-44ab-8347-3b5d515e5ecf,Tom Brady,QB,REG,2018,1,10,New England,Patriots
1554562310,16,16,41c44740-d0f6-44ab-8347-3b5d515e5ecf,Tom Brady,QB,REG,2018,1,10,New England,Patriots
1554562310,16,16,41c44740-d0f6-44ab-8347-3b5d515e5ecf,Tom Brady,QB,REG,2018,1,10,New England,Patriots
1554562310,16,16,41c44740-d0f6-44ab-8347-3b5d515e5ecf,Tom Brady,QB,REG,2018,1,10,New England,Patriots
1554562310,16,16,41c44740-d0f6-44ab-8347-3b5d515e5ecf,Tom Brady,QB,REG,2018,1,10,New England,Patriots
1554562310,16,16,41c44740-d0f6-44ab-8347-3b5d515e5ecf,Tom Brady,QB,REG,2018,1,10,New England,Patriots
1554562310,6,2,42de9d1d-0352-460b-9172-9452414fd7fd,Jimmy Garoppolo,QB,REG,2016,1,5,New England,Patriots
1554562310,2,1,19d00799-4271-40ac-b5c4-4ea8b410a704,E.J. Manuel,QB,REG,2017,1,5,Oakland,Raiders
1554562310,2,1,19d00799-4271-40ac-b5c4-4ea8b410a704,E.J. Manuel,QB,REG,2017,1,5,Oakland,Raiders
1554562310,2,1,19d00799-4271-40ac-b5c4-4ea8b410a704,E.J. Manuel,QB,REG,2017,1,5,Oakland,Raiders
1554562310,2,1,19d00799-4271-40ac-b5c4-4ea8b410a704,E.J. Manuel,QB,REG,2017,1,5,Oakland,Raiders
1554562310,13,13,5812204c-6dae-4450-8011-99e0f72864ac,Ryan Tannehill,QB,REG,2016,3,24,Miami,Dolphins
1554562310,13,13,5812204c-6dae-4450-8011-99e0f72864ac,Ryan Tannehill,QB,REG,2016,3,24,Miami,Dolphins
1554562310,13,13,5812204c-6dae-4450-8011-99e0f72864ac,Ryan Tannehill,QB,REG,2016,3,24,Miami,Dolphins
1554562310,13,13,5812204c-6dae-4450-8011-99e0f72864ac,Ryan Tannehill,QB,REG,2016,3,24,Miami,Dolphins
1554562310,13,13,5812204c-6dae-4450-8011-99e0f72864ac,Ryan Tannehill,QB,REG,2016,3,24,Miami,Dolphins
1554562310,4,3,76d7615e-8eb5-4761-b6a6-1e895d01baf3,Matt Moore,QB,REG,2016,1,10,Miami,Dolphins
1554562310,4,3,76d7615e-8eb5-4761-b6a6-1e895d01baf3,Matt Moore,QB,REG,2016,1,10,Miami,Dolphins
1554562310,4,3,76d7615e-8eb5-4761-b6a6-1e895d01baf3,Matt Moore,QB,REG,2016,1,10,Miami,Dolphins
1554562310,4,3,76d7615e-8eb5-4761-b6a6-1e895d01baf3,Matt Moore,QB,REG,2016,1,10,Miami,Dolphins
1554562310,10,3,b797d6fa-1520-4b3d-a212-157afd4a3bd0,Michael Vick,QB,REG,2014,6,72,New York,Jets
1554562310,10,3,b797d6fa-1520-4b3d-a212-157afd4a3bd0,Michael Vick,QB,REG,2014,6,72,New York,Jets
1554562310,10,3,b797d6fa-1520-4b3d-a212-157afd4a3bd0,Michael Vick,QB,REG,2014,6,72,New York,Jets
1554562310,10,3,b797d6fa-1520-4b3d-a212-157afd4a3bd0,Michael Vick,QB,REG,2014,6,72,New York,Jets
1554562310,10,3,b797d6fa-1520-4b3d-a212-157afd4a3bd0,Michael Vick,QB,REG,2014,6,72,New York,Jets
1554562310,10,3,b797d6fa-1520-4b3d-a212-157afd4a3bd0,Michael Vick,QB,REG,2014,6,72,New York,Jets
1554562310,10,3,b797d6fa-1520-4b3d-a212-157afd4a3bd0,Michael Vick,QB,REG,2014,6,72,New York,Jets
1554562310,10,3,b797d6fa-1520-4b3d-a212-157afd4a3bd0,Michael Vick,QB,REG,2014,6,72,New York,Jets
1554562310,10,3,b797d6fa-1520-4b3d-a212-157afd4a3bd0,Michael Vick,QB,REG,2014,6,72,New York,Jets
1554562310,10,3,b797d6fa-1520-4b3d-a212-157afd4a3bd0,Michael Vick,QB,REG,2014,6,72,New York,Jets
1554562310,10,3,b797d6fa-1520-4b3d-a212-157afd4a3bd0,Michael Vick,QB,REG,2014,6,72,New York,Jets
1554562310,10,3,b797d6fa-1520-4b3d-a212-157afd4a3bd0,Michael Vick,QB,REG,2014,6,72,New York,Jets
1554562310,10,3,b797d6fa-1520-4b3d-a212-157afd4a3bd0,Michael Vick,QB,REG,2014,6,72,New York,Jets
1554562310,5,0,cfc93f5e-105e-4a5e-88d3-f4279893cfa8,Geno Smith,QB,REG,2018,1,5,Los Angeles,Chargers
1554562310,5,0,cfc93f5e-105e-4a5e-88d3-f4279893cfa8,Geno Smith,QB,REG,2018,1,5,Los Angeles,Chargers
1554562310,5,0,cfc93f5e-105e-4a5e-88d3-f4279893cfa8,Geno Smith,QB,REG,2018,1,5,Los Angeles,Chargers
1554562310,5,0,cfc93f5e-105e-4a5e-88d3-f4279893cfa8,Geno Smith,QB,REG,2018,1,5,Los Angeles,Chargers
1554562310,6,4,12815867-476b-4c85-a2eb-6a6a54cf563e,Bruce Gradkowski,QB,REG,2010,3,22,Oakland,Raiders
1554562310,6,4,12815867-476b-4c85-a2eb-6a6a54cf563e,Bruce Gradkowski,QB,REG,2010,3,22,Oakland,Raiders
1554562310,6,4,12815867-476b-4c85-a2eb-6a6a54cf563e,Bruce Gradkowski,QB,REG,2010,3,22,Oakland,Raiders
1554562310,6,4,12815867-476b-4c85-a2eb-6a6a54cf563e,Bruce Gradkowski,QB,REG,2010,3,22,Oakland,Raiders
1554562310,6,4,12815867-476b-4c85-a2eb-6a6a54cf563e,Bruce Gradkowski,QB,REG,2010,3,22,Oakland,Raiders
1554562310,3,1,d4dd3d0b-5023-415d-ad15-94f294c561b1,Landry Jones,QB,REG,2017,1,5,Pittsburgh,Steelers
1554562310,16,16,ea357add-1a41-4a8b-8f34-bbfade7f4d98,Ben Roethlisberger,QB,REG,2018,1,10,Pittsburgh,Steelers
1554562310,16,16,ea357add-1a41-4a8b-8f34-bbfade7f4d98,Ben Roethlisberger,QB,REG,2018,1,10,Pittsburgh,Steelers
1554562310,16,16,ea357add-1a41-4a8b-8f34-bbfade7f4d98,Ben Roethlisberger,QB,REG,2018,1,10,Pittsburgh,Steelers
1554562310,16,16,ea357add-1a41-4a8b-8f34-bbfade7f4d98,Ben Roethlisberger,QB,REG,2018,1,10,Pittsburgh,Steelers
1554562310,16,16,ea357add-1a41-4a8b-8f34-bbfade7f4d98,Ben Roethlisberger,QB,REG,2018,1,10,Pittsburgh,Steelers
1554562310,16,16,ea357add-1a41-4a8b-8f34-bbfade7f4d98,Ben Roethlisberger,QB,REG,2018,1,10,Pittsburgh,Steelers
1554562310,16,16,ea357add-1a41-4a8b-8f34-bbfade7f4d98,Ben Roethlisberger,QB,REG,2018,1,10,Pittsburgh,Steelers
1554562310,16,16,ea357add-1a41-4a8b-8f34-bbfade7f4d98,Ben Roethlisberger,QB,REG,2018,1,10,Pittsburgh,Steelers
1554562310,16,16,ea357add-1a41-4a8b-8f34-bbfade7f4d98,Ben Roethlisberger,QB,REG,2018,1,10,Pittsburgh,Steelers
1554562310,16,16,ea357add-1a41-4a8b-8f34-bbfade7f4d98,Ben Roethlisberger,QB,REG,2018,1,10,Pittsburgh,Steelers
1554562310,16,16,ea357add-1a41-4a8b-8f34-bbfade7f4d98,Ben Roethlisberger,QB,REG,2018,1,10,Pittsburgh,Steelers
1554562310,16,16,ea357add-1a41-4a8b-8f34-bbfade7f4d98,Ben Roethlisberger,QB,REG,2018,1,10,Pittsburgh,Steelers
1554562310,16,16,ea357add-1a41-4a8b-8f34-bbfade7f4d98,Ben Roethlisberger,QB,REG,2018,1,10,Pittsburgh,Steelers
1554562310,16,16,ea357add-1a41-4a8b-8f34-bbfade7f4d98,Ben Roethlisberger,QB,REG,2018,1,10,Pittsburgh,Steelers
1554562310,16,16,ea357add-1a41-4a8b-8f34-bbfade7f4d98,Ben Roethlisberger,QB,REG,2018,1,10,Pittsburgh,Steelers
1554562310,16,16,ea357add-1a41-4a8b-8f34-bbfade7f4d98,Ben Roethlisberger,QB,REG,2018,1,10,Pittsburgh,Steelers
1554562310,16,16,ea357add-1a41-4a8b-8f34-bbfade7f4d98,Ben Roethlisberger,QB,REG,2018,1,10,Pittsburgh,Steelers
1554562310,16,16,ea357add-1a41-4a8b-8f34-bbfade7f4d98,Ben Roethlisberger,QB,REG,2018,1,10,Pittsburgh,Steelers
1554562310,16,16,d2a0e5af-3850-4f16-8e40-a0b1d15c2ce1,Andy Dalton,QB,REG,2017,3,27,Cincinnati,Bengals
1554562310,16,16,d2a0e5af-3850-4f16-8e40-a0b1d15c2ce1,Andy Dalton,QB,REG,2017,3,27,Cincinnati,Bengals
1554562310,16,16,d2a0e5af-3850-4f16-8e40-a0b1d15c2ce1,Andy Dalton,QB,REG,2017,3,27,Cincinnati,Bengals
1554562310,16,16,d2a0e5af-3850-4f16-8e40-a0b1d15c2ce1,Andy Dalton,QB,REG,2017,3,27,Cincinnati,Bengals
1554562310,16,16,d2a0e5af-3850-4f16-8e40-a0b1d15c2ce1,Andy Dalton,QB,REG,2017,3,27,Cincinnati,Bengals
1554562310,16,16,d2a0e5af-3850-4f16-8e40-a0b1d15c2ce1,Andy Dalton,QB,REG,2017,3,27,Cincinnati,Bengals
1554562310,16,16,d2a0e5af-3850-4f16-8e40-a0b1d15c2ce1,Andy Dalton,QB,REG,2017,3,27,Cincinnati,Bengals
1554562310,7,3,d4b30988-e8c5-4689-8037-f79a0d3c2774,AJ McCarron,QB,REG,2015,1,5,Cincinnati,Bengals
1554562310,16,16,64797df2-efd3-4b27-86ee-1d48f7edb09f,Joe Flacco,QB,REG,2017,5,34,Baltimore,Ravens
1554562310,16,16,64797df2-efd3-4b27-86ee-1d48f7edb09f,Joe Flacco,QB,REG,2017,5,34,Baltimore,Ravens
1554562310,16,16,64797df2-efd3-4b27-86ee-1d48f7edb09f,Joe Flacco,QB,REG,2017,5,34,Baltimore,Ravens
1554562310,16,16,64797df2-efd3-4b27-86ee-1d48f7edb09f,Joe Flacco,QB,REG,2017,5,34,Baltimore,Ravens
1554562310,16,16,64797df2-efd3-4b27-86ee-1d48f7edb09f,Joe Flacco,QB,REG,2017,5,34,Baltimore,Ravens
1554562310,16,16,64797df2-efd3-4b27-86ee-1d48f7edb09f,Joe Flacco,QB,REG,2017,5,34,Baltimore,Ravens
1554562310,16,16,64797df2-efd3-4b27-86ee-1d48f7edb09f,Joe Flacco,QB,REG,2017,5,34,Baltimore,Ravens
1554562310,16,16,64797df2-efd3-4b27-86ee-1d48f7edb09f,Joe Flacco,QB,REG,2017,5,34,Baltimore,Ravens
1554562310,16,16,64797df2-efd3-4b27-86ee-1d48f7edb09f,Joe Flacco,QB,REG,2017,5,34,Baltimore,Ravens
1554562310,16,16,64797df2-efd3-4b27-86ee-1d48f7edb09f,Joe Flacco,QB,REG,2017,5,34,Baltimore,Ravens
1554562310,16,16,64797df2-efd3-4b27-86ee-1d48f7edb09f,Joe Flacco,QB,REG,2017,5,34,Baltimore,Ravens
1554562310,4,3,7f3ef024-eb34-46af-8b9e-544cdf09378f,Tyrod Taylor,QB,REG,2018,1,10,Cleveland,Browns
1554562310,4,3,7f3ef024-eb34-46af-8b9e-544cdf09378f,Tyrod Taylor,QB,REG,2018,1,10,Cleveland,Browns
1554562310,4,3,7f3ef024-eb34-46af-8b9e-544cdf09378f,Tyrod Taylor,QB,REG,2018,1,10,Cleveland,Browns
1554562310,4,3,7f3ef024-eb34-46af-8b9e-544cdf09378f,Tyrod Taylor,QB,REG,2018,1,10,Cleveland,Browns
1554562310,1,1,6d382acb-98ce-42a8-94e4-656ee5702982,Connor Shaw,QB,REG,2014,1,5,Cleveland,Browns
1554562310,9,6,7ebbfdef-1185-4896-a323-e6d5669a8345,Johnny Manziel,QB,REG,2015,5,30,Cleveland,Browns
1554562310,6,6,af4ba620-2f00-4b00-9111-7897f2b1cde8,Brian Hoyer,QB,REG,2017,3,26,San Francisco,49ers
1554562310,6,6,af4ba620-2f00-4b00-9111-7897f2b1cde8,Brian Hoyer,QB,REG,2017,3,26,San Francisco,49ers
1554562310,6,6,af4ba620-2f00-4b00-9111-7897f2b1cde8,Brian Hoyer,QB,REG,2017,3,26,San Francisco,49ers
1554562310,6,6,af4ba620-2f00-4b00-9111-7897f2b1cde8,Brian Hoyer,QB,REG,2017,3,26,San Francisco,49ers
1554562310,6,6,af4ba620-2f00-4b00-9111-7897f2b1cde8,Brian Hoyer,QB,REG,2017,3,26,San Francisco,49ers
1554562310,6,6,af4ba620-2f00-4b00-9111-7897f2b1cde8,Brian Hoyer,QB,REG,2017,3,26,San Francisco,49ers
1554562310,6,6,af4ba620-2f00-4b00-9111-7897f2b1cde8,Brian Hoyer,QB,REG,2017,3,26,San Francisco,49ers
1554562310,8,8,7d8eba61-208d-4d91-86cd-704ad05cb7f4,Matt Hasselbeck,QB,REG,2015,5,32,Indianapolis,Colts
1554562310,8,8,7d8eba61-208d-4d91-86cd-704ad05cb7f4,Matt Hasselbeck,QB,REG,2015,5,32,Indianapolis,Colts
1554562310,8,8,7d8eba61-208d-4d91-86cd-704ad05cb7f4,Matt Hasselbeck,QB,REG,2015,5,32,Indianapolis,Colts
1554562310,8,8,7d8eba61-208d-4d91-86cd-704ad05cb7f4,Matt Hasselbeck,QB,REG,2015,5,32,Indianapolis,Colts
1554562310,8,8,7d8eba61-208d-4d91-86cd-704ad05cb7f4,Matt Hasselbeck,QB,REG,2015,5,32,Indianapolis,Colts
1554562310,8,8,7d8eba61-208d-4d91-86cd-704ad05cb7f4,Matt Hasselbeck,QB,REG,2015,5,32,Indianapolis,Colts
1554562310,8,8,7d8eba61-208d-4d91-86cd-704ad05cb7f4,Matt Hasselbeck,QB,REG,2015,5,32,Indianapolis,Colts
1554562310,8,8,7d8eba61-208d-4d91-86cd-704ad05cb7f4,Matt Hasselbeck,QB,REG,2015,5,32,Indianapolis,Colts
1554562310,8,8,7d8eba61-208d-4d91-86cd-704ad05cb7f4,Matt Hasselbeck,QB,REG,2015,5,32,Indianapolis,Colts
1554562310,8,8,7d8eba61-208d-4d91-86cd-704ad05cb7f4,Matt Hasselbeck,QB,REG,2015,5,32,Indianapolis,Colts
1554562310,8,8,7d8eba61-208d-4d91-86cd-704ad05cb7f4,Matt Hasselbeck,QB,REG,2015,5,32,Indianapolis,Colts
1554562310,8,8,7d8eba61-208d-4d91-86cd-704ad05cb7f4,Matt Hasselbeck,QB,REG,2015,5,32,Indianapolis,Colts
1554562310,8,8,7d8eba61-208d-4d91-86cd-704ad05cb7f4,Matt Hasselbeck,QB,REG,2015,5,32,Indianapolis,Colts
1554562310,8,8,7d8eba61-208d-4d91-86cd-704ad05cb7f4,Matt Hasselbeck,QB,REG,2015,5,32,Indianapolis,Colts
1554562310,8,8,7d8eba61-208d-4d91-86cd-704ad05cb7f4,Matt Hasselbeck,QB,REG,2015,5,32,Indianapolis,Colts
1554562310,16,16,e3181493-6a2a-4e95-aa6f-3fc1ddeb7512,Andrew Luck,QB,REG,2018,2,21,Indianapolis,Colts
1554562310,16,16,e3181493-6a2a-4e95-aa6f-3fc1ddeb7512,Andrew Luck,QB,REG,2018,2,21,Indianapolis,Colts
1554562310,16,16,e3181493-6a2a-4e95-aa6f-3fc1ddeb7512,Andrew Luck,QB,REG,2018,2,21,Indianapolis,Colts
1554562310,16,16,e3181493-6a2a-4e95-aa6f-3fc1ddeb7512,Andrew Luck,QB,REG,2018,2,21,Indianapolis,Colts
1554562310,16,16,e3181493-6a2a-4e95-aa6f-3fc1ddeb7512,Andrew Luck,QB,REG,2018,2,21,Indianapolis,Colts
1554562310,16,16,e3181493-6a2a-4e95-aa6f-3fc1ddeb7512,Andrew Luck,QB,REG,2018,2,21,Indianapolis,Colts
1554562310,8,7,0742d2ea-1cf2-49a6-a150-77ba6e034d8c,Ryan Fitzpatrick,QB,REG,2018,1,5,Tampa Bay,Buccaneers
1554562310,8,7,0742d2ea-1cf2-49a6-a150-77ba6e034d8c,Ryan Fitzpatrick,QB,REG,2018,1,5,Tampa Bay,Buccaneers
1554562310,8,7,0742d2ea-1cf2-49a6-a150-77ba6e034d8c,Ryan Fitzpatrick,QB,REG,2018,1,5,Tampa Bay,Buccaneers
1554562310,8,7,0742d2ea-1cf2-49a6-a150-77ba6e034d8c,Ryan Fitzpatrick,QB,REG,2018,1,5,Tampa Bay,Buccaneers
1554562310,8,7,0742d2ea-1cf2-49a6-a150-77ba6e034d8c,Ryan Fitzpatrick,QB,REG,2018,1,5,Tampa Bay,Buccaneers
1554562310,8,7,0742d2ea-1cf2-49a6-a150-77ba6e034d8c,Ryan Fitzpatrick,QB,REG,2018,1,5,Tampa Bay,Buccaneers
1554562310,8,7,0742d2ea-1cf2-49a6-a150-77ba6e034d8c,Ryan Fitzpatrick,QB,REG,2018,1,5,Tampa Bay,Buccaneers
1554562310,8,7,0742d2ea-1cf2-49a6-a150-77ba6e034d8c,Ryan Fitzpatrick,QB,REG,2018,1,5,Tampa Bay,Buccaneers
1554562310,8,7,0742d2ea-1cf2-49a6-a150-77ba6e034d8c,Ryan Fitzpatrick,QB,REG,2018,1,5,Tampa Bay,Buccaneers
1554562310,8,7,0742d2ea-1cf2-49a6-a150-77ba6e034d8c,Ryan Fitzpatrick,QB,REG,2018,1,5,Tampa Bay,Buccaneers
1554562310,8,7,0742d2ea-1cf2-49a6-a150-77ba6e034d8c,Ryan Fitzpatrick,QB,REG,2018,1,5,Tampa Bay,Buccaneers
1554562310,16,16,1b3d350a-478b-4542-a430-d12cc96adc22,Case Keenum,QB,REG,2018,2,20,Denver,Broncos
1554562310,16,16,1b3d350a-478b-4542-a430-d12cc96adc22,Case Keenum,QB,REG,2018,2,20,Denver,Broncos
1554562310,16,16,1b3d350a-478b-4542-a430-d12cc96adc22,Case Keenum,QB,REG,2018,2,20,Denver,Broncos
1554562310,16,16,1b3d350a-478b-4542-a430-d12cc96adc22,Case Keenum,QB,REG,2018,2,20,Denver,Broncos
1554562310,16,16,1b3d350a-478b-4542-a430-d12cc96adc22,Case Keenum,QB,REG,2018,2,20,Denver,Broncos
1554562310,16,16,1b3d350a-478b-4542-a430-d12cc96adc22,Case Keenum,QB,REG,2018,2,20,Denver,Broncos
1554562310,8,7,ba2e7ff8-ed39-4fd1-85e3-d263a946a212,Tom Savage,QB,REG,2017,2,15,Houston,Texans
1554562310,2,0,f82d4ebb-cda9-4b79-ade0-9ef468d2c101,Ryan Mallett,QB,REG,2017,1,15,Baltimore,Ravens
1554562310,2,0,f82d4ebb-cda9-4b79-ade0-9ef468d2c101,Ryan Mallett,QB,REG,2017,1,15,Baltimore,Ravens
1554562310,13,12,6723249c-5fb5-4b0a-9373-cb59cdc99ec8,Blake Bortles,QB,REG,2018,1,5,Jacksonville,Jaguars
1554562310,13,12,6723249c-5fb5-4b0a-9373-cb59cdc99ec8,Blake Bortles,QB,REG,2018,1,5,Jacksonville,Jaguars
1554562310,13,12,6723249c-5fb5-4b0a-9373-cb59cdc99ec8,Blake Bortles,QB,REG,2018,1,5,Jacksonville,Jaguars
1554562310,13,12,6723249c-5fb5-4b0a-9373-cb59cdc99ec8,Blake Bortles,QB,REG,2018,1,5,Jacksonville,Jaguars
1554562310,13,12,6723249c-5fb5-4b0a-9373-cb59cdc99ec8,Blake Bortles,QB,REG,2018,1,5,Jacksonville,Jaguars
1554562310,13,12,6723249c-5fb5-4b0a-9373-cb59cdc99ec8,Blake Bortles,QB,REG,2018,1,5,Jacksonville,Jaguars
1554562310,15,13,f55053e4-4bfd-495d-981a-d62e3662f01b,Chad Henne,QB,REG,2013,7,48,Jacksonville,Jaguars
1554562310,15,13,f55053e4-4bfd-495d-981a-d62e3662f01b,Chad Henne,QB,REG,2013,7,48,Jacksonville,Jaguars
1554562310,15,13,f55053e4-4bfd-495d-981a-d62e3662f01b,Chad Henne,QB,REG,2013,7,48,Jacksonville,Jaguars
1554562310,15,13,f55053e4-4bfd-495d-981a-d62e3662f01b,Chad Henne,QB,REG,2013,7,48,Jacksonville,Jaguars
1554562310,7,5,34cc7f47-9f14-4661-b9af-c9d3b2fc873a,Charlie Whitehurst,QB,REG,2014,3,22,Tennessee,Titans
1554562310,7,5,34cc7f47-9f14-4661-b9af-c9d3b2fc873a,Charlie Whitehurst,QB,REG,2014,3,22,Tennessee,Titans
1554562310,7,4,7e655b10-5853-479c-a6de-927c4323d186,Zach Mettenberger,QB,REG,2015,1,15,Tennessee,Titans
1554562310,7,4,7e655b10-5853-479c-a6de-927c4323d186,Zach Mettenberger,QB,REG,2015,1,15,Tennessee,Titans
1554562310,7,5,7f6ec436-5fcf-4326-9327-fb2de6687ebd,Jake Locker,QB,REG,2014,1,5,Tennessee,Titans
1554562310,7,5,7f6ec436-5fcf-4326-9327-fb2de6687ebd,Jake Locker,QB,REG,2014,1,5,Tennessee,Titans
1554562310,7,5,7f6ec436-5fcf-4326-9327-fb2de6687ebd,Jake Locker,QB,REG,2014,1,5,Tennessee,Titans
1554562310,6,4,0847010c-9a77-4f0b-9d63-c8b4b224d263,Brock Osweiler,QB,REG,2017,1,5,Denver,Broncos
1554562310,6,4,0847010c-9a77-4f0b-9d63-c8b4b224d263,Brock Osweiler,QB,REG,2017,1,5,Denver,Broncos
1554562310,6,4,0847010c-9a77-4f0b-9d63-c8b4b224d263,Brock Osweiler,QB,REG,2017,1,5,Denver,Broncos
1554562310,6,4,0847010c-9a77-4f0b-9d63-c8b4b224d263,Brock Osweiler,QB,REG,2017,1,5,Denver,Broncos
1554562310,6,4,0847010c-9a77-4f0b-9d63-c8b4b224d263,Brock Osweiler,QB,REG,2017,1,5,Denver,Broncos
1554562310,6,4,0847010c-9a77-4f0b-9d63-c8b4b224d263,Brock Osweiler,QB,REG,2017,1,5,Denver,Broncos
1554562310,10,9,aae6d92e-5f28-43ee-b0dc-522e80e99f76,Peyton Manning,QB,REG,2015,3,20,Denver,Broncos
1554562310,10,9,aae6d92e-5f28-43ee-b0dc-522e80e99f76,Peyton Manning,QB,REG,2015,3,20,Denver,Broncos
1554562310,10,9,aae6d92e-5f28-43ee-b0dc-522e80e99f76,Peyton Manning,QB,REG,2015,3,20,Denver,Broncos
1554562310,10,9,aae6d92e-5f28-43ee-b0dc-522e80e99f76,Peyton Manning,QB,REG,2015,3,20,Denver,Broncos
1554562310,10,9,aae6d92e-5f28-43ee-b0dc-522e80e99f76,Peyton Manning,QB,REG,2015,3,20,Denver,Broncos
1554562310,10,9,aae6d92e-5f28-43ee-b0dc-522e80e99f76,Peyton Manning,QB,REG,2015,3,20,Denver,Broncos
1554562310,10,9,aae6d92e-5f28-43ee-b0dc-522e80e99f76,Peyton Manning,QB,REG,2015,3,20,Denver,Broncos
1554562310,10,9,aae6d92e-5f28-43ee-b0dc-522e80e99f76,Peyton Manning,QB,REG,2015,3,20,Denver,Broncos
1554562310,10,9,aae6d92e-5f28-43ee-b0dc-522e80e99f76,Peyton Manning,QB,REG,2015,3,20,Denver,Broncos
1554562310,10,9,aae6d92e-5f28-43ee-b0dc-522e80e99f76,Peyton Manning,QB,REG,2015,3,20,Denver,Broncos
1554562310,10,9,aae6d92e-5f28-43ee-b0dc-522e80e99f76,Peyton Manning,QB,REG,2015,3,20,Denver,Broncos
1554562310,10,9,aae6d92e-5f28-43ee-b0dc-522e80e99f76,Peyton Manning,QB,REG,2015,3,20,Denver,Broncos
1554562310,10,9,aae6d92e-5f28-43ee-b0dc-522e80e99f76,Peyton Manning,QB,REG,2015,3,20,Denver,Broncos
1554562310,10,9,aae6d92e-5f28-43ee-b0dc-522e80e99f76,Peyton Manning,QB,REG,2015,3,20,Denver,Broncos
1554562310,10,9,aae6d92e-5f28-43ee-b0dc-522e80e99f76,Peyton Manning,QB,REG,2015,3,20,Denver,Broncos
1554562310,10,9,aae6d92e-5f28-43ee-b0dc-522e80e99f76,Peyton Manning,QB,REG,2015,3,20,Denver,Broncos
1554562310,10,9,aae6d92e-5f28-43ee-b0dc-522e80e99f76,Peyton Manning,QB,REG,2015,3,20,Denver,Broncos
1554562310,5,2,0045a36c-f464-49e0-a25a-9210edc94bc1,Chase Daniel,QB,REG,2018,1,15,Chicago,Bears
1554562310,5,2,0045a36c-f464-49e0-a25a-9210edc94bc1,Chase Daniel,QB,REG,2018,1,15,Chicago,Bears
1554562310,10,10,2fda010a-8c62-4c07-b601-4ba03f57e6af,Alex Smith,QB,REG,2018,2,22,Washington,Redskins
1554562310,10,10,2fda010a-8c62-4c07-b601-4ba03f57e6af,Alex Smith,QB,REG,2018,2,22,Washington,Redskins
1554562310,10,10,2fda010a-8c62-4c07-b601-4ba03f57e6af,Alex Smith,QB,REG,2018,2,22,Washington,Redskins
1554562310,10,10,2fda010a-8c62-4c07-b601-4ba03f57e6af,Alex Smith,QB,REG,2018,2,22,Washington,Redskins
1554562310,10,10,2fda010a-8c62-4c07-b601-4ba03f57e6af,Alex Smith,QB,REG,2018,2,22,Washington,Redskins
1554562310,10,10,2fda010a-8c62-4c07-b601-4ba03f57e6af,Alex Smith,QB,REG,2018,2,22,Washington,Redskins
1554562310,10,10,2fda010a-8c62-4c07-b601-4ba03f57e6af,Alex Smith,QB,REG,2018,2,22,Washington,Redskins
1554562310,10,10,2fda010a-8c62-4c07-b601-4ba03f57e6af,Alex Smith,QB,REG,2018,2,22,Washington,Redskins
1554562310,10,10,2fda010a-8c62-4c07-b601-4ba03f57e6af,Alex Smith,QB,REG,2018,2,22,Washington,Redskins
1554562310,10,10,2fda010a-8c62-4c07-b601-4ba03f57e6af,Alex Smith,QB,REG,2018,2,22,Washington,Redskins
1554562310,10,10,2fda010a-8c62-4c07-b601-4ba03f57e6af,Alex Smith,QB,REG,2018,2,22,Washington,Redskins
1554562310,10,10,2fda010a-8c62-4c07-b601-4ba03f57e6af,Alex Smith,QB,REG,2018,2,22,Washington,Redskins
1554562310,10,10,2fda010a-8c62-4c07-b601-4ba03f57e6af,Alex Smith,QB,REG,2018,2,22,Washington,Redskins
1554562310,10,10,2fda010a-8c62-4c07-b601-4ba03f57e6af,Alex Smith,QB,REG,2018,2,22,Washington,Redskins
1554562310,10,10,2fda010a-8c62-4c07-b601-4ba03f57e6af,Alex Smith,QB,REG,2018,2,22,Washington,Redskins
1554562310,10,10,2fda010a-8c62-4c07-b601-4ba03f57e6af,Alex Smith,QB,REG,2018,2,22,Washington,Redskins
1554562310,10,10,2fda010a-8c62-4c07-b601-4ba03f57e6af,Alex Smith,QB,REG,2018,2,22,Washington,Redskins
1554562310,12,0,da2d3510-355a-4a0d-a79d-bd96b4cfcecb,Kellen Clemens,QB,REG,2016,1,5,San Diego,Chargers
1554562310,12,0,da2d3510-355a-4a0d-a79d-bd96b4cfcecb,Kellen Clemens,QB,REG,2016,1,5,San Diego,Chargers
1554562310,12,0,da2d3510-355a-4a0d-a79d-bd96b4cfcecb,Kellen Clemens,QB,REG,2016,1,5,San Diego,Chargers
1554562310,12,0,da2d3510-355a-4a0d-a79d-bd96b4cfcecb,Kellen Clemens,QB,REG,2016,1,5,San Diego,Chargers
1554562310,12,0,da2d3510-355a-4a0d-a79d-bd96b4cfcecb,Kellen Clemens,QB,REG,2016,1,5,San Diego,Chargers
1554562310,16,16,e47706c7-e14d-41fb-b13b-83a835a1f3bc,Philip Rivers,QB,REG,2018,2,10,Los Angeles,Chargers
1554562310,16,16,e47706c7-e14d-41fb-b13b-83a835a1f3bc,Philip Rivers,QB,REG,2018,2,10,Los Angeles,Chargers
1554562310,16,16,e47706c7-e14d-41fb-b13b-83a835a1f3bc,Philip Rivers,QB,REG,2018,2,10,Los Angeles,Chargers
1554562310,16,16,e47706c7-e14d-41fb-b13b-83a835a1f3bc,Philip Rivers,QB,REG,2018,2,10,Los Angeles,Chargers
1554562310,16,16,e47706c7-e14d-41fb-b13b-83a835a1f3bc,Philip Rivers,QB,REG,2018,2,10,Los Angeles,Chargers
1554562310,16,16,e47706c7-e14d-41fb-b13b-83a835a1f3bc,Philip Rivers,QB,REG,2018,2,10,Los Angeles,Chargers
1554562310,16,16,e47706c7-e14d-41fb-b13b-83a835a1f3bc,Philip Rivers,QB,REG,2018,2,10,Los Angeles,Chargers
1554562310,16,16,e47706c7-e14d-41fb-b13b-83a835a1f3bc,Philip Rivers,QB,REG,2018,2,10,Los Angeles,Chargers
1554562310,16,16,e47706c7-e14d-41fb-b13b-83a835a1f3bc,Philip Rivers,QB,REG,2018,2,10,Los Angeles,Chargers
1554562310,16,16,e47706c7-e14d-41fb-b13b-83a835a1f3bc,Philip Rivers,QB,REG,2018,2,10,Los Angeles,Chargers
1554562310,16,16,e47706c7-e14d-41fb-b13b-83a835a1f3bc,Philip Rivers,QB,REG,2018,2,10,Los Angeles,Chargers
1554562310,16,16,e47706c7-e14d-41fb-b13b-83a835a1f3bc,Philip Rivers,QB,REG,2018,2,10,Los Angeles,Chargers
1554562310,16,16,e47706c7-e14d-41fb-b13b-83a835a1f3bc,Philip Rivers,QB,REG,2018,2,10,Los Angeles,Chargers
1554562310,16,16,e47706c7-e14d-41fb-b13b-83a835a1f3bc,Philip Rivers,QB,REG,2018,2,10,Los Angeles,Chargers
1554562310,16,16,e47706c7-e14d-41fb-b13b-83a835a1f3bc,Philip Rivers,QB,REG,2018,2,10,Los Angeles,Chargers
1554562310,16,16,e47706c7-e14d-41fb-b13b-83a835a1f3bc,Philip Rivers,QB,REG,2018,2,10,Los Angeles,Chargers
1554562310,16,16,e47706c7-e14d-41fb-b13b-83a835a1f3bc,Philip Rivers,QB,REG,2018,2,10,Los Angeles,Chargers
1554562310,16,16,e47706c7-e14d-41fb-b13b-83a835a1f3bc,Philip Rivers,QB,REG,2018,2,10,Los Angeles,Chargers
1554562310,2,2,1f09583f-dcc1-43e8-a7fc-f063d2c96508,Matt Schaub,QB,REG,2015,1,5,Baltimore,Ravens
1554562310,2,2,1f09583f-dcc1-43e8-a7fc-f063d2c96508,Matt Schaub,QB,REG,2015,1,5,Baltimore,Ravens
1554562310,2,2,1f09583f-dcc1-43e8-a7fc-f063d2c96508,Matt Schaub,QB,REG,2015,1,5,Baltimore,Ravens
1554562310,2,2,1f09583f-dcc1-43e8-a7fc-f063d2c96508,Matt Schaub,QB,REG,2015,1,5,Baltimore,Ravens
1554562310,2,2,1f09583f-dcc1-43e8-a7fc-f063d2c96508,Matt Schaub,QB,REG,2015,1,5,Baltimore,Ravens
1554562310,2,2,1f09583f-dcc1-43e8-a7fc-f063d2c96508,Matt Schaub,QB,REG,2015,1,5,Baltimore,Ravens
1554562310,3,1,663b69e5-1fc2-404b-9a3f-f153c650ee89,Matt McGloin,QB,REG,2016,1,5,Oakland,Raiders
1554562310,3,1,663b69e5-1fc2-404b-9a3f-f153c650ee89,Matt McGloin,QB,REG,2016,1,5,Oakland,Raiders
1554562310,16,16,9f026fc0-4449-4dc5-a226-2e2830619381,Derek Carr,QB,REG,2018,1,5,Oakland,Raiders
1554562310,16,16,9f026fc0-4449-4dc5-a226-2e2830619381,Derek Carr,QB,REG,2018,1,5,Oakland,Raiders
1554562310,16,16,9f026fc0-4449-4dc5-a226-2e2830619381,Derek Carr,QB,REG,2018,1,5,Oakland,Raiders
1554562310,16,16,9f026fc0-4449-4dc5-a226-2e2830619381,Derek Carr,QB,REG,2018,1,5,Oakland,Raiders
1554562310,16,16,9f026fc0-4449-4dc5-a226-2e2830619381,Derek Carr,QB,REG,2018,1,5,Oakland,Raiders
1554562310,8,5,01291a8d-d97c-4d88-b497-b5ad4b72f626,Brandon Weeden,QB,REG,2013,5,25,Cleveland,Browns
1554562310,8,5,01291a8d-d97c-4d88-b497-b5ad4b72f626,Brandon Weeden,QB,REG,2013,5,25,Cleveland,Browns
1554562310,4,4,c32d8200-2b85-4638-8db3-9a52fb86b207,Tony Romo,QB,REG,2015,1,5,Dallas,Cowboys
1554562310,4,4,c32d8200-2b85-4638-8db3-9a52fb86b207,Tony Romo,QB,REG,2015,1,5,Dallas,Cowboys
1554562310,4,4,c32d8200-2b85-4638-8db3-9a52fb86b207,Tony Romo,QB,REG,2015,1,5,Dallas,Cowboys
1554562310,4,4,c32d8200-2b85-4638-8db3-9a52fb86b207,Tony Romo,QB,REG,2015,1,5,Dallas,Cowboys
1554562310,4,4,c32d8200-2b85-4638-8db3-9a52fb86b207,Tony Romo,QB,REG,2015,1,5,Dallas,Cowboys
1554562310,4,4,c32d8200-2b85-4638-8db3-9a52fb86b207,Tony Romo,QB,REG,2015,1,5,Dallas,Cowboys
1554562310,4,4,c32d8200-2b85-4638-8db3-9a52fb86b207,Tony Romo,QB,REG,2015,1,5,Dallas,Cowboys
1554562310,4,4,c32d8200-2b85-4638-8db3-9a52fb86b207,Tony Romo,QB,REG,2015,1,5,Dallas,Cowboys
1554562310,4,4,c32d8200-2b85-4638-8db3-9a52fb86b207,Tony Romo,QB,REG,2015,1,5,Dallas,Cowboys
1554562310,4,4,c32d8200-2b85-4638-8db3-9a52fb86b207,Tony Romo,QB,REG,2015,1,5,Dallas,Cowboys
1554562310,4,4,c32d8200-2b85-4638-8db3-9a52fb86b207,Tony Romo,QB,REG,2015,1,5,Dallas,Cowboys
1554562310,7,3,c8232b55-6617-4dd9-a7cf-cf14cd9a29ab,Nick Foles,QB,REG,2017,1,5,Philadelphia,Eagles
1554562310,7,3,c8232b55-6617-4dd9-a7cf-cf14cd9a29ab,Nick Foles,QB,REG,2017,1,5,Philadelphia,Eagles
1554562310,7,3,c8232b55-6617-4dd9-a7cf-cf14cd9a29ab,Nick Foles,QB,REG,2017,1,5,Philadelphia,Eagles
1554562310,7,3,c8232b55-6617-4dd9-a7cf-cf14cd9a29ab,Nick Foles,QB,REG,2017,1,5,Philadelphia,Eagles
1554562310,7,3,c8232b55-6617-4dd9-a7cf-cf14cd9a29ab,Nick Foles,QB,REG,2017,1,5,Philadelphia,Eagles
1554562310,7,6,da7cb0cc-543e-47d5-b29a-2ba2b341bd14,Matt Barkley,QB,REG,2016,2,10,Chicago,Bears
1554562310,9,8,e6c40f79-1bbd-4f62-9391-7f535f110c0d,Mark Sanchez,QB,REG,2014,4,45,Philadelphia,Eagles
1554562310,9,8,e6c40f79-1bbd-4f62-9391-7f535f110c0d,Mark Sanchez,QB,REG,2014,4,45,Philadelphia,Eagles
1554562310,9,8,e6c40f79-1bbd-4f62-9391-7f535f110c0d,Mark Sanchez,QB,REG,2014,4,45,Philadelphia,Eagles
1554562310,9,8,e6c40f79-1bbd-4f62-9391-7f535f110c0d,Mark Sanchez,QB,REG,2014,4,45,Philadelphia,Eagles
1554562310,9,8,e6c40f79-1bbd-4f62-9391-7f535f110c0d,Mark Sanchez,QB,REG,2014,4,45,Philadelphia,Eagles
1554562310,9,8,e6c40f79-1bbd-4f62-9391-7f535f110c0d,Mark Sanchez,QB,REG,2014,4,45,Philadelphia,Eagles
1554562310,9,8,e6c40f79-1bbd-4f62-9391-7f535f110c0d,Mark Sanchez,QB,REG,2014,4,45,Philadelphia,Eagles
1554562310,15,15,6cb6226e-f08c-4192-95f1-69709ed686c6,Eli Manning,QB,REG,2017,4,20,New York,Giants
1554562310,15,15,6cb6226e-f08c-4192-95f1-69709ed686c6,Eli Manning,QB,REG,2017,4,20,New York,Giants
1554562310,15,15,6cb6226e-f08c-4192-95f1-69709ed686c6,Eli Manning,QB,REG,2017,4,20,New York,Giants
1554562310,15,15,6cb6226e-f08c-4192-95f1-69709ed686c6,Eli Manning,QB,REG,2017,4,20,New York,Giants
1554562310,15,15,6cb6226e-f08c-4192-95f1-69709ed686c6,Eli Manning,QB,REG,2017,4,20,New York,Giants
1554562310,15,15,6cb6226e-f08c-4192-95f1-69709ed686c6,Eli Manning,QB,REG,2017,4,20,New York,Giants
1554562310,15,15,6cb6226e-f08c-4192-95f1-69709ed686c6,Eli Manning,QB,REG,2017,4,20,New York,Giants
1554562310,15,15,6cb6226e-f08c-4192-95f1-69709ed686c6,Eli Manning,QB,REG,2017,4,20,New York,Giants
1554562310,15,15,6cb6226e-f08c-4192-95f1-69709ed686c6,Eli Manning,QB,REG,2017,4,20,New York,Giants
1554562310,15,15,6cb6226e-f08c-4192-95f1-69709ed686c6,Eli Manning,QB,REG,2017,4,20,New York,Giants
1554562310,15,15,6cb6226e-f08c-4192-95f1-69709ed686c6,Eli Manning,QB,REG,2017,4,20,New York,Giants
1554562310,15,15,6cb6226e-f08c-4192-95f1-69709ed686c6,Eli Manning,QB,REG,2017,4,20,New York,Giants
1554562310,15,15,6cb6226e-f08c-4192-95f1-69709ed686c6,Eli Manning,QB,REG,2017,4,20,New York,Giants
1554562310,15,15,6cb6226e-f08c-4192-95f1-69709ed686c6,Eli Manning,QB,REG,2017,4,20,New York,Giants
1554562310,15,15,6cb6226e-f08c-4192-95f1-69709ed686c6,Eli Manning,QB,REG,2017,4,20,New York,Giants
1554562310,15,15,6cb6226e-f08c-4192-95f1-69709ed686c6,Eli Manning,QB,REG,2017,4,20,New York,Giants
1554562310,2,0,3699dfd9-d437-43f7-b674-adbb31e7e64b,Colt McCoy,QB,REG,2015,1,5,Washington,Redskins
1554562310,2,0,3699dfd9-d437-43f7-b674-adbb31e7e64b,Colt McCoy,QB,REG,2015,1,5,Washington,Redskins
1554562310,2,0,3699dfd9-d437-43f7-b674-adbb31e7e64b,Colt McCoy,QB,REG,2015,1,5,Washington,Redskins
1554562310,2,0,3699dfd9-d437-43f7-b674-adbb31e7e64b,Colt McCoy,QB,REG,2015,1,5,Washington,Redskins
1554562310,2,0,3699dfd9-d437-43f7-b674-adbb31e7e64b,Colt McCoy,QB,REG,2015,1,5,Washington,Redskins
1554562310,9,7,8dfb370d-460c-4bfc-9d62-888687248783,Robert Griffin III,QB,REG,2014,3,25,Washington,Redskins
1554562310,9,7,8dfb370d-460c-4bfc-9d62-888687248783,Robert Griffin III,QB,REG,2014,3,25,Washington,Redskins
1554562310,9,7,8dfb370d-460c-4bfc-9d62-888687248783,Robert Griffin III,QB,REG,2014,3,25,Washington,Redskins
1554562310,16,16,bbd0942c-6f77-4f83-a6d0-66ec6548019e,Kirk Cousins,QB,REG,2017,7,45,Washington,Redskins
1554562310,16,16,bbd0942c-6f77-4f83-a6d0-66ec6548019e,Kirk Cousins,QB,REG,2017,7,45,Washington,Redskins
1554562310,16,16,bbd0942c-6f77-4f83-a6d0-66ec6548019e,Kirk Cousins,QB,REG,2017,7,45,Washington,Redskins
1554562310,16,16,bbd0942c-6f77-4f83-a6d0-66ec6548019e,Kirk Cousins,QB,REG,2017,7,45,Washington,Redskins
1554562310,16,16,bbd0942c-6f77-4f83-a6d0-66ec6548019e,Kirk Cousins,QB,REG,2017,7,45,Washington,Redskins
1554562310,16,16,bbd0942c-6f77-4f83-a6d0-66ec6548019e,Kirk Cousins,QB,REG,2017,7,45,Washington,Redskins
1554562310,16,16,bbd0942c-6f77-4f83-a6d0-66ec6548019e,Kirk Cousins,QB,REG,2017,7,45,Washington,Redskins
1554562310,16,16,0ce48193-e2fa-466e-a986-33f751add206,Aaron Rodgers,QB,REG,2018,7,66,Green Bay,Packers
1554562310,16,16,0ce48193-e2fa-466e-a986-33f751add206,Aaron Rodgers,QB,REG,2018,7,66,Green Bay,Packers
1554562310,16,16,0ce48193-e2fa-466e-a986-33f751add206,Aaron Rodgers,QB,REG,2018,7,66,Green Bay,Packers
1554562310,16,16,0ce48193-e2fa-466e-a986-33f751add206,Aaron Rodgers,QB,REG,2018,7,66,Green Bay,Packers
1554562310,16,16,0ce48193-e2fa-466e-a986-33f751add206,Aaron Rodgers,QB,REG,2018,7,66,Green Bay,Packers
1554562310,16,16,0ce48193-e2fa-466e-a986-33f751add206,Aaron Rodgers,QB,REG,2018,7,66,Green Bay,Packers
1554562310,16,16,0ce48193-e2fa-466e-a986-33f751add206,Aaron Rodgers,QB,REG,2018,7,66,Green Bay,Packers
1554562310,16,16,0ce48193-e2fa-466e-a986-33f751add206,Aaron Rodgers,QB,REG,2018,7,66,Green Bay,Packers
1554562310,16,16,0ce48193-e2fa-466e-a986-33f751add206,Aaron Rodgers,QB,REG,2018,7,66,Green Bay,Packers
1554562310,16,16,0ce48193-e2fa-466e-a986-33f751add206,Aaron Rodgers,QB,REG,2018,7,66,Green Bay,Packers
1554562310,16,16,0ce48193-e2fa-466e-a986-33f751add206,Aaron Rodgers,QB,REG,2018,7,66,Green Bay,Packers
1554562310,16,16,0ce48193-e2fa-466e-a986-33f751add206,Aaron Rodgers,QB,REG,2018,7,66,Green Bay,Packers
1554562310,16,16,0ce48193-e2fa-466e-a986-33f751add206,Aaron Rodgers,QB,REG,2018,7,66,Green Bay,Packers
1554562310,16,16,0ce48193-e2fa-466e-a986-33f751add206,Aaron Rodgers,QB,REG,2018,7,66,Green Bay,Packers
1554562310,15,0,53e3389f-6db2-41d6-bddf-e1246cb776fb,Matt Flynn,QB,REG,2009,1,4,Green Bay,Packers
1554562310,3,2,742a4673-9df8-4a79-938f-edef65087075,Kellen Moore,QB,REG,2015,1,5,Dallas,Cowboys
1554562310,16,16,ade43b1a-0601-4672-83b6-d246bc066a19,Matthew Stafford,QB,REG,2017,1,9,Detroit,Lions
1554562310,16,16,ade43b1a-0601-4672-83b6-d246bc066a19,Matthew Stafford,QB,REG,2017,1,9,Detroit,Lions
1554562310,16,16,ade43b1a-0601-4672-83b6-d246bc066a19,Matthew Stafford,QB,REG,2017,1,9,Detroit,Lions
1554562310,16,16,ade43b1a-0601-4672-83b6-d246bc066a19,Matthew Stafford,QB,REG,2017,1,9,Detroit,Lions
1554562310,16,16,ade43b1a-0601-4672-83b6-d246bc066a19,Matthew Stafford,QB,REG,2017,1,9,Detroit,Lions
1554562310,16,16,ade43b1a-0601-4672-83b6-d246bc066a19,Matthew Stafford,QB,REG,2017,1,9,Detroit,Lions
1554562310,16,16,ade43b1a-0601-4672-83b6-d246bc066a19,Matthew Stafford,QB,REG,2017,1,9,Detroit,Lions
1554562310,16,16,ade43b1a-0601-4672-83b6-d246bc066a19,Matthew Stafford,QB,REG,2017,1,9,Detroit,Lions
1554562310,16,16,ade43b1a-0601-4672-83b6-d246bc066a19,Matthew Stafford,QB,REG,2017,1,9,Detroit,Lions
1554562310,8,5,bbfcacdd-b6ae-48df-8911-764bb7e0fcdb,Dan Orlovsky,QB,REG,2011,1,5,Indianapolis,Colts
1554562310,8,5,bbfcacdd-b6ae-48df-8911-764bb7e0fcdb,Dan Orlovsky,QB,REG,2011,1,5,Indianapolis,Colts
1554562310,2,1,3467ae3e-4ddf-450d-8f36-b741ea3a2564,Christian Ponder,QB,REG,2014,1,5,Minnesota,Vikings
1554562310,2,1,3467ae3e-4ddf-450d-8f36-b741ea3a2564,Christian Ponder,QB,REG,2014,1,5,Minnesota,Vikings
1554562310,2,1,3467ae3e-4ddf-450d-8f36-b741ea3a2564,Christian Ponder,QB,REG,2014,1,5,Minnesota,Vikings
1554562310,2,1,3467ae3e-4ddf-450d-8f36-b741ea3a2564,Christian Ponder,QB,REG,2014,1,5,Minnesota,Vikings
1554562310,2,1,8263e101-aa33-435f-bf0f-388e1c4eeb59,Matt Cassel,QB,REG,2017,2,10,Tennessee,Titans
1554562310,2,1,8263e101-aa33-435f-bf0f-388e1c4eeb59,Matt Cassel,QB,REG,2017,2,10,Tennessee,Titans
1554562310,2,1,8263e101-aa33-435f-bf0f-388e1c4eeb59,Matt Cassel,QB,REG,2017,2,10,Tennessee,Titans
1554562310,2,1,8263e101-aa33-435f-bf0f-388e1c4eeb59,Matt Cassel,QB,REG,2017,2,10,Tennessee,Titans
1554562310,2,1,8263e101-aa33-435f-bf0f-388e1c4eeb59,Matt Cassel,QB,REG,2017,2,10,Tennessee,Titans
1554562310,2,1,8263e101-aa33-435f-bf0f-388e1c4eeb59,Matt Cassel,QB,REG,2017,2,10,Tennessee,Titans
1554562310,2,1,8263e101-aa33-435f-bf0f-388e1c4eeb59,Matt Cassel,QB,REG,2017,2,10,Tennessee,Titans
1554562310,2,1,8263e101-aa33-435f-bf0f-388e1c4eeb59,Matt Cassel,QB,REG,2017,2,10,Tennessee,Titans
1554562310,16,16,d4cb52a9-f6b4-42ed-b40b-27bff5f1eea7,Teddy Bridgewater,QB,REG,2015,1,5,Minnesota,Vikings
1554562310,16,16,d4cb52a9-f6b4-42ed-b40b-27bff5f1eea7,Teddy Bridgewater,QB,REG,2015,1,5,Minnesota,Vikings
1554562310,2,1,01654256-1c2b-4729-a166-dd54358a71da,Jimmy Clausen,QB,REG,2015,2,10,Chicago,Bears
1554562310,2,1,01654256-1c2b-4729-a166-dd54358a71da,Jimmy Clausen,QB,REG,2015,2,10,Chicago,Bears
1554562310,2,1,01654256-1c2b-4729-a166-dd54358a71da,Jimmy Clausen,QB,REG,2015,2,10,Chicago,Bears
1554562310,2,0,eab69ec2-9cba-4783-8260-cf99121ed2c8,David Fales,QB,REG,2017,1,13,Miami,Dolphins
1554562310,14,14,ecd3bc0f-04dd-4945-9454-3fc4722fa5a8,Jay Cutler,QB,REG,2017,1,5,Miami,Dolphins
1554562310,14,14,ecd3bc0f-04dd-4945-9454-3fc4722fa5a8,Jay Cutler,QB,REG,2017,1,5,Miami,Dolphins
1554562310,14,14,ecd3bc0f-04dd-4945-9454-3fc4722fa5a8,Jay Cutler,QB,REG,2017,1,5,Miami,Dolphins
1554562310,14,14,ecd3bc0f-04dd-4945-9454-3fc4722fa5a8,Jay Cutler,QB,REG,2017,1,5,Miami,Dolphins
1554562310,14,14,ecd3bc0f-04dd-4945-9454-3fc4722fa5a8,Jay Cutler,QB,REG,2017,1,5,Miami,Dolphins
1554562310,14,14,ecd3bc0f-04dd-4945-9454-3fc4722fa5a8,Jay Cutler,QB,REG,2017,1,5,Miami,Dolphins
1554562310,14,14,ecd3bc0f-04dd-4945-9454-3fc4722fa5a8,Jay Cutler,QB,REG,2017,1,5,Miami,Dolphins
1554562310,14,14,ecd3bc0f-04dd-4945-9454-3fc4722fa5a8,Jay Cutler,QB,REG,2017,1,5,Miami,Dolphins
1554562310,14,14,ecd3bc0f-04dd-4945-9454-3fc4722fa5a8,Jay Cutler,QB,REG,2017,1,5,Miami,Dolphins
1554562310,14,14,214e55e4-a089-412d-9598-a16495df0d25,Cam Newton,QB,REG,2018,6,55,Carolina,Panthers
1554562310,14,14,214e55e4-a089-412d-9598-a16495df0d25,Cam Newton,QB,REG,2018,6,55,Carolina,Panthers
1554562310,14,14,214e55e4-a089-412d-9598-a16495df0d25,Cam Newton,QB,REG,2018,6,55,Carolina,Panthers
1554562310,14,14,214e55e4-a089-412d-9598-a16495df0d25,Cam Newton,QB,REG,2018,6,55,Carolina,Panthers
1554562310,14,14,214e55e4-a089-412d-9598-a16495df0d25,Cam Newton,QB,REG,2018,6,55,Carolina,Panthers
1554562310,14,14,214e55e4-a089-412d-9598-a16495df0d25,Cam Newton,QB,REG,2018,6,55,Carolina,Panthers
1554562310,14,14,214e55e4-a089-412d-9598-a16495df0d25,Cam Newton,QB,REG,2018,6,55,Carolina,Panthers
1554562310,14,14,214e55e4-a089-412d-9598-a16495df0d25,Cam Newton,QB,REG,2018,6,55,Carolina,Panthers
1554562310,14,14,214e55e4-a089-412d-9598-a16495df0d25,Cam Newton,QB,REG,2018,6,55,Carolina,Panthers
1554562310,14,14,214e55e4-a089-412d-9598-a16495df0d25,Cam Newton,QB,REG,2018,6,55,Carolina,Panthers
1554562310,16,0,250199f2-1387-4b55-b96f-17fedea6db7f,Joe Webb III,QB,REG,2018,1,10,Houston,Texans
1554562310,16,0,250199f2-1387-4b55-b96f-17fedea6db7f,Joe Webb III,QB,REG,2018,1,10,Houston,Texans
1554562310,16,0,250199f2-1387-4b55-b96f-17fedea6db7f,Joe Webb III,QB,REG,2018,1,10,Houston,Texans
1554562310,16,0,250199f2-1387-4b55-b96f-17fedea6db7f,Joe Webb III,QB,REG,2018,1,10,Houston,Texans
1554562310,16,0,250199f2-1387-4b55-b96f-17fedea6db7f,Joe Webb III,QB,REG,2018,1,10,Houston,Texans
1554562310,16,0,250199f2-1387-4b55-b96f-17fedea6db7f,Joe Webb III,QB,REG,2018,1,10,Houston,Texans
1554562310,16,0,250199f2-1387-4b55-b96f-17fedea6db7f,Joe Webb III,QB,REG,2018,1,10,Houston,Texans
1554562310,16,0,250199f2-1387-4b55-b96f-17fedea6db7f,Joe Webb III,QB,REG,2018,1,10,Houston,Texans
1554562310,16,0,250199f2-1387-4b55-b96f-17fedea6db7f,Joe Webb III,QB,REG,2018,1,10,Houston,Texans
1554562310,5,2,72fbe462-91c5-4c84-9640-e8ad7cad6447,Derek Anderson,QB,REG,2016,1,8,Carolina,Panthers
1554562310,5,2,72fbe462-91c5-4c84-9640-e8ad7cad6447,Derek Anderson,QB,REG,2016,1,8,Carolina,Panthers
1554562310,5,2,72fbe462-91c5-4c84-9640-e8ad7cad6447,Derek Anderson,QB,REG,2016,1,8,Carolina,Panthers
1554562310,5,2,72fbe462-91c5-4c84-9640-e8ad7cad6447,Derek Anderson,QB,REG,2016,1,8,Carolina,Panthers
1554562310,5,2,72fbe462-91c5-4c84-9640-e8ad7cad6447,Derek Anderson,QB,REG,2016,1,8,Carolina,Panthers
1554562310,5,2,72fbe462-91c5-4c84-9640-e8ad7cad6447,Derek Anderson,QB,REG,2016,1,8,Carolina,Panthers
1554562310,5,2,72fbe462-91c5-4c84-9640-e8ad7cad6447,Derek Anderson,QB,REG,2016,1,8,Carolina,Panthers
1554562310,15,15,bb5957e6-ce7d-47ab-8036-22191ffc1c44,Drew Brees,QB,REG,2018,5,31,New Orleans,Saints
1554562310,15,15,bb5957e6-ce7d-47ab-8036-22191ffc1c44,Drew Brees,QB,REG,2018,5,31,New Orleans,Saints
1554562310,15,15,bb5957e6-ce7d-47ab-8036-22191ffc1c44,Drew Brees,QB,REG,2018,5,31,New Orleans,Saints
1554562310,15,15,bb5957e6-ce7d-47ab-8036-22191ffc1c44,Drew Brees,QB,REG,2018,5,31,New Orleans,Saints
1554562310,15,15,bb5957e6-ce7d-47ab-8036-22191ffc1c44,Drew Brees,QB,REG,2018,5,31,New Orleans,Saints
1554562310,15,15,bb5957e6-ce7d-47ab-8036-22191ffc1c44,Drew Brees,QB,REG,2018,5,31,New Orleans,Saints
1554562310,15,15,bb5957e6-ce7d-47ab-8036-22191ffc1c44,Drew Brees,QB,REG,2018,5,31,New Orleans,Saints
1554562310,15,15,bb5957e6-ce7d-47ab-8036-22191ffc1c44,Drew Brees,QB,REG,2018,5,31,New Orleans,Saints
1554562310,15,15,bb5957e6-ce7d-47ab-8036-22191ffc1c44,Drew Brees,QB,REG,2018,5,31,New Orleans,Saints
1554562310,15,15,bb5957e6-ce7d-47ab-8036-22191ffc1c44,Drew Brees,QB,REG,2018,5,31,New Orleans,Saints
1554562310,15,15,bb5957e6-ce7d-47ab-8036-22191ffc1c44,Drew Brees,QB,REG,2018,5,31,New Orleans,Saints
1554562310,15,15,bb5957e6-ce7d-47ab-8036-22191ffc1c44,Drew Brees,QB,REG,2018,5,31,New Orleans,Saints
1554562310,15,15,bb5957e6-ce7d-47ab-8036-22191ffc1c44,Drew Brees,QB,REG,2018,5,31,New Orleans,Saints
1554562310,15,15,bb5957e6-ce7d-47ab-8036-22191ffc1c44,Drew Brees,QB,REG,2018,5,31,New Orleans,Saints
1554562310,15,15,bb5957e6-ce7d-47ab-8036-22191ffc1c44,Drew Brees,QB,REG,2018,5,31,New Orleans,Saints
1554562310,15,15,bb5957e6-ce7d-47ab-8036-22191ffc1c44,Drew Brees,QB,REG,2018,5,31,New Orleans,Saints
1554562310,15,15,bb5957e6-ce7d-47ab-8036-22191ffc1c44,Drew Brees,QB,REG,2018,5,31,New Orleans,Saints
1554562310,15,15,bb5957e6-ce7d-47ab-8036-22191ffc1c44,Drew Brees,QB,REG,2018,5,31,New Orleans,Saints
1554562310,15,15,bb5957e6-ce7d-47ab-8036-22191ffc1c44,Drew Brees,QB,REG,2018,5,31,New Orleans,Saints
1554562310,15,15,bb5957e6-ce7d-47ab-8036-22191ffc1c44,Drew Brees,QB,REG,2018,5,31,New Orleans,Saints
1554562310,15,15,bb5957e6-ce7d-47ab-8036-22191ffc1c44,Drew Brees,QB,REG,2018,5,31,New Orleans,Saints
1554562310,15,15,bb5957e6-ce7d-47ab-8036-22191ffc1c44,Drew Brees,QB,REG,2018,5,31,New Orleans,Saints
1554562310,15,15,bb5957e6-ce7d-47ab-8036-22191ffc1c44,Drew Brees,QB,REG,2018,5,31,New Orleans,Saints
1554562310,6,5,20170818-32ab-4892-987e-ea75efcd8c4f,T.J. Yates,QB,REG,2011,1,10,Houston,Texans
1554562310,16,16,7e648a0b-fdc8-4661-a587-5826f2cac11b,Matt Ryan,QB,REG,2018,1,12,Atlanta,Falcons
1554562310,16,16,7e648a0b-fdc8-4661-a587-5826f2cac11b,Matt Ryan,QB,REG,2018,1,12,Atlanta,Falcons
1554562310,16,16,7e648a0b-fdc8-4661-a587-5826f2cac11b,Matt Ryan,QB,REG,2018,1,12,Atlanta,Falcons
1554562310,16,16,7e648a0b-fdc8-4661-a587-5826f2cac11b,Matt Ryan,QB,REG,2018,1,12,Atlanta,Falcons
1554562310,16,16,7e648a0b-fdc8-4661-a587-5826f2cac11b,Matt Ryan,QB,REG,2018,1,12,Atlanta,Falcons
1554562310,16,16,7e648a0b-fdc8-4661-a587-5826f2cac11b,Matt Ryan,QB,REG,2018,1,12,Atlanta,Falcons
1554562310,16,16,7e648a0b-fdc8-4661-a587-5826f2cac11b,Matt Ryan,QB,REG,2018,1,12,Atlanta,Falcons
1554562310,16,16,7e648a0b-fdc8-4661-a587-5826f2cac11b,Matt Ryan,QB,REG,2018,1,12,Atlanta,Falcons
1554562310,16,16,7e648a0b-fdc8-4661-a587-5826f2cac11b,Matt Ryan,QB,REG,2018,1,12,Atlanta,Falcons
1554562310,16,16,7e648a0b-fdc8-4661-a587-5826f2cac11b,Matt Ryan,QB,REG,2018,1,12,Atlanta,Falcons
1554562310,16,16,7e648a0b-fdc8-4661-a587-5826f2cac11b,Matt Ryan,QB,REG,2018,1,12,Atlanta,Falcons
1554562310,16,16,7e648a0b-fdc8-4661-a587-5826f2cac11b,Matt Ryan,QB,REG,2018,1,12,Atlanta,Falcons
1554562310,16,16,7e648a0b-fdc8-4661-a587-5826f2cac11b,Matt Ryan,QB,REG,2018,1,12,Atlanta,Falcons
1554562310,13,13,a261fd0a-b096-4db7-bd51-2f13bde485da,Josh McCown,QB,REG,2017,4,20,New York,Jets
1554562310,13,13,a261fd0a-b096-4db7-bd51-2f13bde485da,Josh McCown,QB,REG,2017,4,20,New York,Jets
1554562310,13,13,a261fd0a-b096-4db7-bd51-2f13bde485da,Josh McCown,QB,REG,2017,4,20,New York,Jets
1554562310,13,13,a261fd0a-b096-4db7-bd51-2f13bde485da,Josh McCown,QB,REG,2017,4,20,New York,Jets
1554562310,13,13,a261fd0a-b096-4db7-bd51-2f13bde485da,Josh McCown,QB,REG,2017,4,20,New York,Jets
1554562310,13,13,a261fd0a-b096-4db7-bd51-2f13bde485da,Josh McCown,QB,REG,2017,4,20,New York,Jets
1554562310,13,13,a261fd0a-b096-4db7-bd51-2f13bde485da,Josh McCown,QB,REG,2017,4,20,New York,Jets
1554562310,13,13,a261fd0a-b096-4db7-bd51-2f13bde485da,Josh McCown,QB,REG,2017,4,20,New York,Jets
1554562310,13,13,a261fd0a-b096-4db7-bd51-2f13bde485da,Josh McCown,QB,REG,2017,4,20,New York,Jets
1554562310,13,13,a261fd0a-b096-4db7-bd51-2f13bde485da,Josh McCown,QB,REG,2017,4,20,New York,Jets
1554562310,6,5,e1235f1e-26ce-438c-8168-3b1ded4ab893,Mike Glennon,QB,REG,2014,4,16,Tampa Bay,Buccaneers
1554562310,6,5,e1235f1e-26ce-438c-8168-3b1ded4ab893,Mike Glennon,QB,REG,2014,4,16,Tampa Bay,Buccaneers
1554562310,16,16,409d4cac-ee90-4470-9710-ebe671678339,Russell Wilson,QB,REG,2018,2,10,Seattle,Seahawks
1554562310,16,16,409d4cac-ee90-4470-9710-ebe671678339,Russell Wilson,QB,REG,2018,2,10,Seattle,Seahawks
1554562310,16,16,409d4cac-ee90-4470-9710-ebe671678339,Russell Wilson,QB,REG,2018,2,10,Seattle,Seahawks
1554562310,16,16,409d4cac-ee90-4470-9710-ebe671678339,Russell Wilson,QB,REG,2018,2,10,Seattle,Seahawks
1554562310,16,16,409d4cac-ee90-4470-9710-ebe671678339,Russell Wilson,QB,REG,2018,2,10,Seattle,Seahawks
1554562310,16,16,409d4cac-ee90-4470-9710-ebe671678339,Russell Wilson,QB,REG,2018,2,10,Seattle,Seahawks
1554562310,16,16,409d4cac-ee90-4470-9710-ebe671678339,Russell Wilson,QB,REG,2018,2,10,Seattle,Seahawks
1554562310,16,16,409d4cac-ee90-4470-9710-ebe671678339,Russell Wilson,QB,REG,2018,2,10,Seattle,Seahawks
1554562310,16,16,409d4cac-ee90-4470-9710-ebe671678339,Russell Wilson,QB,REG,2018,2,10,Seattle,Seahawks
1554562310,16,16,409d4cac-ee90-4470-9710-ebe671678339,Russell Wilson,QB,REG,2018,2,10,Seattle,Seahawks
1554562310,15,14,41d6830d-9512-4f40-bd74-2125b2f84416,Tarvaris Jackson,QB,REG,2011,4,20,Seattle,Seahawks
1554562310,15,14,41d6830d-9512-4f40-bd74-2125b2f84416,Tarvaris Jackson,QB,REG,2011,4,20,Seattle,Seahawks
1554562310,15,14,41d6830d-9512-4f40-bd74-2125b2f84416,Tarvaris Jackson,QB,REG,2011,4,20,Seattle,Seahawks
1554562310,15,14,41d6830d-9512-4f40-bd74-2125b2f84416,Tarvaris Jackson,QB,REG,2011,4,20,Seattle,Seahawks
1554562310,9,8,22fb2b54-4936-4e8a-a48d-62096c0c9bb1,Drew Stanton,QB,REG,2014,2,10,Arizona,Cardinals
1554562310,9,8,22fb2b54-4936-4e8a-a48d-62096c0c9bb1,Drew Stanton,QB,REG,2014,2,10,Arizona,Cardinals
1554562310,7,7,57ad34b3-f60d-4b2d-9e01-3cb5a9451c37,Carson Palmer,QB,REG,2017,1,5,Arizona,Cardinals
1554562310,7,7,57ad34b3-f60d-4b2d-9e01-3cb5a9451c37,Carson Palmer,QB,REG,2017,1,5,Arizona,Cardinals
1554562310,7,7,57ad34b3-f60d-4b2d-9e01-3cb5a9451c37,Carson Palmer,QB,REG,2017,1,5,Arizona,Cardinals
1554562310,7,7,57ad34b3-f60d-4b2d-9e01-3cb5a9451c37,Carson Palmer,QB,REG,2017,1,5,Arizona,Cardinals
1554562310,7,7,57ad34b3-f60d-4b2d-9e01-3cb5a9451c37,Carson Palmer,QB,REG,2017,1,5,Arizona,Cardinals
1554562310,7,7,57ad34b3-f60d-4b2d-9e01-3cb5a9451c37,Carson Palmer,QB,REG,2017,1,5,Arizona,Cardinals
1554562310,7,7,57ad34b3-f60d-4b2d-9e01-3cb5a9451c37,Carson Palmer,QB,REG,2017,1,5,Arizona,Cardinals
1554562310,7,7,57ad34b3-f60d-4b2d-9e01-3cb5a9451c37,Carson Palmer,QB,REG,2017,1,5,Arizona,Cardinals
1554562310,7,7,57ad34b3-f60d-4b2d-9e01-3cb5a9451c37,Carson Palmer,QB,REG,2017,1,5,Arizona,Cardinals
1554562310,7,7,57ad34b3-f60d-4b2d-9e01-3cb5a9451c37,Carson Palmer,QB,REG,2017,1,5,Arizona,Cardinals
1554562310,7,7,57ad34b3-f60d-4b2d-9e01-3cb5a9451c37,Carson Palmer,QB,REG,2017,1,5,Arizona,Cardinals
1554562310,7,7,57ad34b3-f60d-4b2d-9e01-3cb5a9451c37,Carson Palmer,QB,REG,2017,1,5,Arizona,Cardinals
1554562310,7,7,57ad34b3-f60d-4b2d-9e01-3cb5a9451c37,Carson Palmer,QB,REG,2017,1,5,Arizona,Cardinals
1554562310,7,7,57ad34b3-f60d-4b2d-9e01-3cb5a9451c37,Carson Palmer,QB,REG,2017,1,5,Arizona,Cardinals
1554562310,7,7,57ad34b3-f60d-4b2d-9e01-3cb5a9451c37,Carson Palmer,QB,REG,2017,1,5,Arizona,Cardinals
1554562310,12,11,068b70bc-9558-4e99-b729-754fd28937ed,Colin Kaepernick,QB,REG,2016,1,5,San Francisco,49ers
1554562310,12,11,068b70bc-9558-4e99-b729-754fd28937ed,Colin Kaepernick,QB,REG,2016,1,5,San Francisco,49ers
1554562310,12,11,068b70bc-9558-4e99-b729-754fd28937ed,Colin Kaepernick,QB,REG,2016,1,5,San Francisco,49ers
1554562310,12,11,068b70bc-9558-4e99-b729-754fd28937ed,Colin Kaepernick,QB,REG,2016,1,5,San Francisco,49ers
1554562310,12,11,068b70bc-9558-4e99-b729-754fd28937ed,Colin Kaepernick,QB,REG,2016,1,5,San Francisco,49ers
1554562310,12,11,068b70bc-9558-4e99-b729-754fd28937ed,Colin Kaepernick,QB,REG,2016,1,5,San Francisco,49ers
1554562310,12,11,068b70bc-9558-4e99-b729-754fd28937ed,Colin Kaepernick,QB,REG,2016,1,5,San Francisco,49ers
1554562310,6,4,73e133bf-d3f7-4fda-bd25-2fde66cb8ee1,Josh Johnson,QB,REG,2009,1,5,Tampa Bay,Buccaneers
1554562310,8,3,de816e24-8442-49a4-99cd-dde7e7c05863,Blaine Gabbert,QB,REG,2018,2,18,Tennessee,Titans
1554562310,8,3,de816e24-8442-49a4-99cd-dde7e7c05863,Blaine Gabbert,QB,REG,2018,2,18,Tennessee,Titans
1554562310,8,3,de816e24-8442-49a4-99cd-dde7e7c05863,Blaine Gabbert,QB,REG,2018,2,18,Tennessee,Titans
1554562310,8,3,de816e24-8442-49a4-99cd-dde7e7c05863,Blaine Gabbert,QB,REG,2018,2,18,Tennessee,Titans
1554562310,8,3,de816e24-8442-49a4-99cd-dde7e7c05863,Blaine Gabbert,QB,REG,2018,2,18,Tennessee,Titans
1554562310,9,8,52b14c80-ffc5-4fd6-9a32-d07b261f0841,Shaun Hill,QB,REG,2014,2,10,St. Louis,Rams
1554562310,9,8,52b14c80-ffc5-4fd6-9a32-d07b261f0841,Shaun Hill,QB,REG,2014,2,10,St. Louis,Rams
1554562310,9,8,52b14c80-ffc5-4fd6-9a32-d07b261f0841,Shaun Hill,QB,REG,2014,2,10,St. Louis,Rams
1554562310,9,8,52b14c80-ffc5-4fd6-9a32-d07b261f0841,Shaun Hill,QB,REG,2014,2,10,St. Louis,Rams
1554562310,9,8,52b14c80-ffc5-4fd6-9a32-d07b261f0841,Shaun Hill,QB,REG,2014,2,10,St. Louis,Rams
1554562310,3,2,fa8cfe11-018a-4d4c-9588-c86cab0415c0,Austin Davis,QB,REG,2015,3,29,Cleveland,Browns
1554562310,3,2,fa8cfe11-018a-4d4c-9588-c86cab0415c0,Austin Davis,QB,REG,2015,3,29,Cleveland,Browns
1554562310,14,13,7c16c04c-04de-41f3-ac16-ad6a9435e3f7,Marcus Mariota,QB,REG,2018,1,5,Tennessee,Titans
1554562310,14,13,7c16c04c-04de-41f3-ac16-ad6a9435e3f7,Marcus Mariota,QB,REG,2018,1,5,Tennessee,Titans
1554562310,14,13,7c16c04c-04de-41f3-ac16-ad6a9435e3f7,Marcus Mariota,QB,REG,2018,1,5,Tennessee,Titans
1554562310,14,13,7c16c04c-04de-41f3-ac16-ad6a9435e3f7,Marcus Mariota,QB,REG,2018,1,5,Tennessee,Titans
1554562310,14,13,7c16c04c-04de-41f3-ac16-ad6a9435e3f7,Marcus Mariota,QB,REG,2018,1,5,Tennessee,Titans
1554562310,16,16,8c7cd76d-74a0-4440-885a-07f92f9a75d7,Josh Freeman,QB,REG,2012,6,31,Tampa Bay,Buccaneers
1554562310,16,16,8c7cd76d-74a0-4440-885a-07f92f9a75d7,Josh Freeman,QB,REG,2012,6,31,Tampa Bay,Buccaneers
1554562310,16,16,8c7cd76d-74a0-4440-885a-07f92f9a75d7,Josh Freeman,QB,REG,2012,6,31,Tampa Bay,Buccaneers
1554562310,16,16,8c7cd76d-74a0-4440-885a-07f92f9a75d7,Josh Freeman,QB,REG,2012,6,31,Tampa Bay,Buccaneers
1554562310,11,10,e23dc743-ecee-4cf3-a263-69d3da3bae94,Trevor Siemian,QB,REG,2017,3,15,Denver,Broncos
1554562310,11,10,e23dc743-ecee-4cf3-a263-69d3da3bae94,Trevor Siemian,QB,REG,2017,3,15,Denver,Broncos
1554562310,15,15,cc3640b0-7560-431f-84ab-599e9dc8cac6,Sam Bradford,QB,REG,2016,8,40,Minnesota,Vikings
1554562310,15,15,cc3640b0-7560-431f-84ab-599e9dc8cac6,Sam Bradford,QB,REG,2016,8,40,Minnesota,Vikings
1554562310,15,15,cc3640b0-7560-431f-84ab-599e9dc8cac6,Sam Bradford,QB,REG,2016,8,40,Minnesota,Vikings
1554562310,15,15,cc3640b0-7560-431f-84ab-599e9dc8cac6,Sam Bradford,QB,REG,2016,8,40,Minnesota,Vikings
1554562310,15,15,cc3640b0-7560-431f-84ab-599e9dc8cac6,Sam Bradford,QB,REG,2016,8,40,Minnesota,Vikings
1554562310,11,9,e97f5ca9-186e-4346-ae65-1cd757ada455,Brett Hundley,QB,REG,2017,4,33,Green Bay,Packers
1554562310,11,9,fb3b36fc-b985-4807-8199-d038d7e62a93,Jameis Winston,QB,REG,2018,1,10,Tampa Bay,Buccaneers
1554562310,11,9,fb3b36fc-b985-4807-8199-d038d7e62a93,Jameis Winston,QB,REG,2018,1,10,Tampa Bay,Buccaneers
1554562310,11,9,fb3b36fc-b985-4807-8199-d038d7e62a93,Jameis Winston,QB,REG,2018,1,10,Tampa Bay,Buccaneers
1554562310,11,9,fb3b36fc-b985-4807-8199-d038d7e62a93,Jameis Winston,QB,REG,2018,1,10,Tampa Bay,Buccaneers
1554562310,5,1,91ead748-e3b0-4926-bd3b-3e327b44e6bc,Sean Mannion,QB,REG,2017,1,3,Los Angeles,Rams
1554562310,16,15,ad2258ab-67f0-41c2-bcf3-f3ba145187dc,Jacoby Brissett,QB,REG,2017,2,21,Indianapolis,Colts
1554562310,9,5,4d517d8f-fe4d-4c89-9a2a-fee836ba4a71,Jeff Driskel,QB,REG,2018,1,10,Cincinnati,Bengals
1554562310,9,8,573f7acc-376b-4f37-8039-5c4c15c4a508,Cody Kessler,QB,REG,2016,4,17,Cleveland,Browns
1554562310,4,1,cd571cfc-9b44-4b69-a801-431db9aaa85e,Kevin Hogan,QB,REG,2017,2,11,Cleveland,Browns
1554562310,4,1,cd571cfc-9b44-4b69-a801-431db9aaa85e,Kevin Hogan,QB,REG,2017,2,11,Cleveland,Browns
1554562310,2,2,19e253df-b121-43e4-a222-6df5fa8ad93f,Paxton Lynch,QB,REG,2017,1,5,Denver,Broncos
1554562310,16,16,86197778-8d4b-4eba-affe-08ef7be7c70b,Dak Prescott,QB,REG,2018,3,25,Dallas,Cowboys
1554562310,16,16,86197778-8d4b-4eba-affe-08ef7be7c70b,Dak Prescott,QB,REG,2018,3,25,Dallas,Cowboys
1554562310,1,0,e1c506bd-9e36-45e7-b2b9-fff6a9728a06,Nate Sudfeld,QB,REG,2017,1,5,Philadelphia,Eagles
1554562310,11,11,e9a5c16b-4472-4be9-8030-3f77be7890cb,Carson Wentz,QB,REG,2018,1,10,Philadelphia,Eagles
1554562310,11,11,e9a5c16b-4472-4be9-8030-3f77be7890cb,Carson Wentz,QB,REG,2018,1,10,Philadelphia,Eagles
1554562310,11,11,e9a5c16b-4472-4be9-8030-3f77be7890cb,Carson Wentz,QB,REG,2018,1,10,Philadelphia,Eagles
1554562310,3,0,bfd0c6e3-dc98-4280-bd6a-f82902c0f46b,Jake Rudock,QB,REG,2017,1,5,Detroit,Lions
1554562310,16,16,aba8f925-ffbf-4654-bfa7-a25d3d237494,Jared Goff,QB,REG,2018,1,12,Los Angeles,Rams
1554562310,16,16,aba8f925-ffbf-4654-bfa7-a25d3d237494,Jared Goff,QB,REG,2018,1,12,Los Angeles,Rams
1554562310,16,16,aba8f925-ffbf-4654-bfa7-a25d3d237494,Jared Goff,QB,REG,2018,1,12,Los Angeles,Rams
1554562310,16,16,aba8f925-ffbf-4654-bfa7-a25d3d237494,Jared Goff,QB,REG,2018,1,12,Los Angeles,Rams
1554562310,4,2,4e4ba1f9-35c6-4e41-85f5-d8f12d32f459,Nathan Peterman,QB,REG,2018,1,10,Buffalo,Bills
1554562310,4,2,4e4ba1f9-35c6-4e41-85f5-d8f12d32f459,Nathan Peterman,QB,REG,2018,1,10,Buffalo,Bills
1554562310,15,15,2a78e2e7-4ef3-4cdd-85e8-0d254b65143e,DeShone Kizer,QB,REG,2017,4,19,Cleveland,Browns
1554562310,16,16,eec5265c-7731-4bb6-8af2-4f98a67f9ab7,Deshaun Watson,QB,REG,2018,1,5,Houston,Texans
1554562310,16,16,eec5265c-7731-4bb6-8af2-4f98a67f9ab7,Deshaun Watson,QB,REG,2018,1,5,Houston,Texans
1554562310,16,16,11cad59d-90dd-449c-a839-dddaba4fe16c,Patrick Mahomes II,QB,REG,2018,5,38,Kansas City,Chiefs
1554562310,14,14,7a1b8f1a-9024-4897-86b0-01c63e00305e,Mitchell Trubisky,QB,REG,2018,2,10,Chicago,Bears
1554562310,14,14,7a1b8f1a-9024-4897-86b0-01c63e00305e,Mitchell Trubisky,QB,REG,2018,2,10,Chicago,Bears
1554562310,16,4,3c8a55dd-20a8-4375-b711-49eb5e6e1d0e,Taysom Hill,QB,REG,2018,1,10,New Orleans,Saints
1554562310,7,5,6608fdbf-6c93-47cc-ad44-9da2fda598ce,C.J. Beathard,QB,REG,2017,2,16,San Francisco,49ers
1554562310,12,11,3069db07-aa43-4503-ab11-2ae5c0002721,Josh Allen,QB,REG,2018,2,15,Buffalo,Bills
1554562310,13,13,13d826c5-9b22-4e0a-a877-02d8c84c546b,Sam Darnold,QB,REG,2018,1,5,New York,Jets
1554562310,16,7,e06a9c07-453a-4bb0-a7e9-2c3a64166dad,Lamar Jackson,QB,REG,2018,1,17,Baltimore,Ravens
1554562310,14,13,5c079a21-ae9e-4b38-a69a-47706fa8dd67,Josh Rosen,QB,REG,2018,1,8,Arizona,Cardinals
